编导填写,,,,,剪辑填写,,,,编导填写,,,,,,
日期,表达卖点,文案内容,对应视频画面需求,编导,是否采用,短视频ID,剪辑人,上传日期,3天平均展现次数,3天整体点击率,3天合计销售额,7天平均展现次数,7天整体点击率,7天合计销售额,15天合计销售额
7月28日,七级防水,,,,,,,,,,,,,,
,充电,,,,,,,,,,,,,,
,动力,,,,,,,,,,,,,,
,剃须效果,,,,,,,,,,,,,,
,外观机身,,,,,,,,,,,,,,
7月28日,开头,无口播,没剃的胡子，特写摸,张可熠,,7670002768238411795,洪晨沛,8.4,8.333333333,4.00%,0,,,,
,,忙了一天，连胡子都在提醒你，该歇了。,没剃的胡子，照镜子全脸摸,,,,,,,,,,,,
,外观机身,(无口播)花字“高温熔制漆面，不留指纹”,12.20  S5，产品，机身、充电口、转子、刀网，机身展示，银色，有其他动作[扫光],,,,,,,,,,,,
,充电,该面对的事，一件都不能少。    花字“超长续航、Type-C快充”,充电口展示,,,,,,,,,,,,
,剃须效果,刀够快，几下就干净。      花字“浮动五刀头 贴面不遗漏”,剃一道，特写,,,,,,,,,,,,
,动力,"不用来回蹭，不拉扯，不泛红。     花字“39000次/分”
                                                                             “自磨刀头 · 越用越利”",左右脸对比,,,,,,,,,,,,
,剃须效果 +七级防水,干净的，不止是脸。,剃完展示，剃完摸脸，不展示,,,,,,,,,,,,
,,剃完，水一冲就干净。不拖泥带水，不把今天的糟糕，带到明天。       花字“全机可水洗”,剃完展示，剃完摸脸不展示+防水效果，直接冲水,,,,,,,,,,,,
,结尾,上谷S5Max，给你的，不止是干净。,机身展示，机身扫光,,,,,,,,,,,,
,,,,,,,,,,,,,,,
7月28日,开头,听我一句劝，想换剃须刀的，就买这把。,机身展示，红布抽开展示产品,张可熠,,,,,,,,,,,
,剃须效果,去年七夕收到的，到现在天天用，五刀头刮得很干净。,剃完展示，剃完摸脸不展示,,,,,,,,,,,,
,充电,关键是Type-C充电，出差从来不用额外带线，省心。,充电口展示，通电电量显示,,,,,,,,,,,,
,七级防水,打理方便，一冲就干净，不用拆开抠。,防水效果，直接冲水,,,,,,,,,,,,
,刀头,自磨刀头设计，用了一年多剃须效果还是很好，越用越值。,剃半脸,,,,,,,,,,,,
,外观机身,上谷S5Max，买一次管用好几年。,12.20  S5，产品，机身、充电口、转子、刀网，机身展示，银色[黑色也有]，有其他动作[翻转],,,,,,,,,,,,
,结尾,现在直播间还有活动，快去看看吧。,礼盒及赠品展示，纯展示,,,,,,,,,,,,
,,,,,,,,,,,,,,,
7月28日,开头,想换一把好的剃须刀，那可得认真选，强烈推荐这款上谷S5Max。,机身展示，保护盒打开…,张可熠,,,,,,,,,,,
,外观机身,机身是钢琴烤漆质感，抓握起来很舒服,机身展示，手持机身,,,,,,,,,,,,
,刀头,刀头采用合金材质，对敏感皮肤也很友好。,没剃的胡子，假装在剃,,,,,,,,,,,,
,动力,升级合金电子转子，每分钟可达39000转，剃须又快又顺畅。,转子展示,,,,,,,,,,,,
,剃须效果,3D浮动五刀，可以灵活贴合面部轮廓，清理胡须死角。,刀网，按动刀网 + 剃一道，特写,,,,,,,,,,,,
,七级防水,全机身防水，剃完水龙头直接冲干净。,12.20  S5，产品，防水，黑色[银色也有][浇水],,,,,,,,,,,,
,充电,升级大容量电池，没有续航焦虑。,机身展示，保护盒打开、关闭展示机身,,,,,,,,,,,,
,结尾,现在进直播间下单，还送收纳盒一个。快给自己备起来吧！,礼盒及赠品展示，纯展示,,,,,,,,,,,,
,,,,,,,,,,,,,,,
7月28日,开头,男人胡子拉碴，再贵的衣服也穿不出精神！,没剃的胡子，照镜子全脸摸,张可熠,,7670009870997176363,洪晨沛,8.4,6.333333333,0.00%,0,,,,
,动力,试试上谷S5Max，升级合金转子，39000转/分高频振动。,12.20  S，产品，机身充电口转子刀网，转子展示,,,,,,,,,,,,
,剃须效果,浮动五刀头，不管多硬的胡茬，几下就刮干净。,剃半脸，真剃,,,,,,,,,,,,
,外观机身,镀钛工艺，质感很出色。,12.20  S5，产品，机身充电口转子刀网，机身展示,,,,,,,,,,,,
,充电,90分钟续航，3年质保。,12.20  S5，产品，机身充电口转子刀网，充电口,,,,,,,,,,,,
,结尾,干净的下巴，才是男人最好的名片。,剃完展示，剃完摸脸不展示,,,,,,,,,,,,
,,,,,,,,,,,,,,,
7月28日,开头,各位，千万别买这把剃须刀！因为这把上谷S5Max，实在太“费时间”了！,机身展示，手持机身,张可熠,,,,,,,,,,,
,刀头+剃须效果,刀片一体式嵌入，自磨刀头设计，长期使用也能保持锋利，好几年都不用操心换刀头的事。,刀网，刀网展示  +  剃半脸,,,,,,,,,,,,
,七级防水,而且它太“省事”了！全机防水，平板面设计，一冲就干净，连清理的时间都给你省了！,12.20  S5，产品，防水[水波]  +  防水效果，直接冲水,,,,,,,,,,,,
,充电,超长续航，还有旅行锁。,机身展示，保护盒…,,,,,,,,,,,,
,,这么硬核的质价比，懂行的兄弟早就入手了。直播间，自己看！,礼盒及赠品展示，从人到礼盒产品赠品展示,,,,,,,,,,,,
,,,,,,,,,,,,,,,
7月29日,开头,别再给扯胡子、留青茬的传统剃须刀交学费了，换上这把上谷S5Max！,没剃的胡子，全脸摸  +  12.20  S5，产品，机身充电口转子刀网，机身展示，转台展示,张可熠,,,,,,,,,,,
,动力,升级合金转子，每分钟39000次切割！,12.20  S5，产品，机身充电口转子刀网，转子展示[转子对镜头],,,,,,,,,,,,
,刀头,刀片刀网一体嵌入，再硬的胡茬，几下就推干净,剃一道，特写,,,,,,,,,,,,
,七级防水,更值得一提的是，平板面设计全机身防水，用完水龙头下一冲就干净，打理很方便！,12.20  S5，产品，防水  +  防水效果，直接冲水,,,,,,,,,,,,
,外观机身,烤漆工艺，拿在手里就是满满的高级感。,机身展示，手持机身,,,,,,,,,,,,
,充电,Type-C快充，充一次用大半个月，出门在外也不用担心！,12.20  S5，产品，机身充电口转子刀网，充电口,,,,,,,,,,,,
,结尾,想要净须体验的务实派兄弟，进直播间，把这份性价比带回家！,礼盒及赠品展示，从人到礼盒产品赠品展示,,,,,,,,,,,,
,,,,,,,,,,,,,,,
7月29日,开头,你一定需要一把刮得干净，还不伤皮肤的剃须刀。,12.20  S5，产品，防水[水波],张可熠,,,,,,,,,,,
,外观机身,上谷S5Max，烤漆工艺，低调且高级，握感很舒服。,12.20  S5，产品，机身充电口转子刀网，机身展示，黑色，有其他动作[转],,,,,,,,,,,,
,剃须效果,简约机身，一键启动。不管横刮逆刮，都自然流畅。,产品细节及礼盒展示，转子展示  + 剃半脸，真剃,,,,,,,,,,,,
,刀头,五层刀网，一体式设计，剃得干净利落。,剃一道，特写,,,,,,,,,,,,
,七级防水,全机防水，用完直接水洗，冲一冲就干净，打理起来特别省心。,防水效果，丢进玻璃缸,,,,,,,,,,,,
,充电,充一次电，能用大半个月，出差旅行都不用担心没电。,机身展示，保护盒打开、关闭展示机身,,,,,,,,,,,,
,结尾,怕麻烦、想花小钱办大事的朋友，真的值得试试。现在直播间有活动，还有专属赠品，千万别错过这波福利！,机身展示，车上机身入画,,,,,,,,,,,,
,,,,,,,,,,,,,,,
7月29日,开头,用上谷S5Max，挑战剃光3天的钢茬胡。,剃半脸，真剃,张可熠,,,,,,,,,,,
,动力,五刀头配置，39000次/分高频动力，硬胡茬也剃得很利落。,12.20  S5，产品，机身充电口转子刀网，转子展示,,,,,,,,,,,,
,剃须效果,浮动刀头灵活贴合面部轮廓，镀钛工艺，剃须不泛红、不拉扯。,剃一道，特写,,,,,,,,,,,,
,七级防水,全机防水，平板面设计，用完水一冲就干净，打理起来非常省心。,12.20  S5，产品，防水，黑色[/银色][浇水],,,,,,,,,,,,
,充电,Type-C快充，升级大容量电池，出差旅行都够用。,12.20  S5，产品，机身充电口转子刀网，充电口,,,,,,,,,,,,
,外观机身,烤漆机身，手感细腻，高级感拉满。,12.20  S5，产品，机身充电口转子刀网，机身展示，银色，有其他动作[带礼盒],,,,,,,,,,,,
,结尾,不管自用还是送人，都是一份精致的选择。现在直播间有活动，还有专属赠品，想换剃须刀的朋友可以进来看看！,12.20  S5，产品，礼盒，双人送,,,,,,,,,,,,
,,,,,,,,,,,,,,,
7月29日,开头,脸都刮红了，下巴还扎手？那是刀头不行。,没剃的胡子，照镜子全脸摸,张可熠,,,,,,,,,,,
,剃须效果,试上谷S5Max往复式剃须刀，4+1浮动五刀头，刀片刀网一体嵌入，贴着脸型走，长须短须都能剃。,机身展示，转台旋转展示机身  +  刀网，刀网展示  +  剃一道，特写,,,,,,,,,,,,
,刀头,镀钛自磨刀头，别人半年就钝，它能越用越锋利。,剃半脸,,,,,,,,,,,,
,七级防水,平板面直接就能冲干净，全机防水，洗澡也能刮。,防水效果，丢进玻璃缸,,,,,,,,,,,,
,充电,Type-C快充，屏显电量清清楚楚。,12.20  S5，产品，机身充电口转子刀网，充电口，银色[/黑色也有] [插电],,,,,,,,,,,,
,结尾,不想天天刮破脸？直播间正在做活动，可以来看看。,礼盒及赠品展示，从人到礼盒产品赠品展示,,,,,,,,,,,,
,,,,,,,,,,,,,,,
7月29日,开头,男生换剃须刀，听我一句劝，就得选这种往复式的，动力猛、剃得净。,12.20S5，产品，机身充电口…，机身展示，黑色，有其他动作  +  12.20S5，产品，机身充电口…，转子展示,张可熠,,,,,,,,,,,
,动力,上谷S5Max，39000次每分钟的升级合金转子，动力摆在这，硬胡茬、络腮胡都能断，完全不夹须、不扯肉。,转子展示  +  剃半脸，真剃,,,,,,,,,,,,
,刀头+剃须效果,重点是五刀头浮动设计，下巴、喉结、下颌线这些有棱角的地方，它能自己调整角度严丝合缝地贴上去，不用你使劲怼脸。,刀网，刀网贴手腕  +  剃一道，特写,,,,,,,,,,,,
,充电,Type-C快充，超长续航，出差半个月也不用带线。,机身展示，保护盒打开关闭展示机身,,,,,,,,,,,,
,七级防水,全机防水，用完水龙头下一冲就干净。,防水效果，直接冲水,,,,,,,,,,,,
,结尾,好用不啰嗦，趁现在有活动，直播间自己看。,礼盒及赠品展示，纯展示,,,,,,,,,,,,
,,,,,,,,,,,,,,,
7月29日,开头,还在用传统剃须刀？打泡沫麻烦，还容易刮出口子,没剃的胡子，竞品卡胡子,张可熠,,,,,,,,,,,
,剃须效果,换这个上谷S5Max，刀片刀网一体嵌入，薄到贴住皮肤从根上刮，不伤脸。,机身展示，红布抽开展示产品  +  剃一道，特写,,,,,,,,,,,,
,刀头,镀钛自磨刀头，久用依然锋利。,刀网，刀网展示,,,,,,,,,,,,
,七级防水,全机防水，洗澡顺手就刮了，平板面水一冲就干净。,防水效果，直接冲水,,,,,,,,,,,,
,充电,Type-C充一次用大半个月，屏显电量，清晰可见,充电口展示通电电量显示,,,,,,,,,,,,
,结尾,三十几岁对自己好点，现在还有活动，进直播间看看,礼盒及赠品展示，从人到礼盒产品赠品展示,,,,,,,,,,,,
,,,,,,,,,,,,,,,
7月29日,开头,用剃须刀最怕遇到胡茬堵刀头里抠不出来。,没剃的胡子，竞品卡胡子,张可熠,,,,,,,,,,,
,刀头,上谷S5Max平板面设计，刀网一体式嵌入，没缝隙能藏渣，水龙头冲几秒就干净。,防水效果，直接冲水,,,,,,,,,,,,
,七级防水,全机防水，湿刮干刮都可以。,12.20  S5，产品，防水[水波],,,,,,,,,,,,
,动力,一分钟39000转，动力十足不卡须。,剃半脸，真剃,,,,,,,,,,,,
,充电,Type-C通用接口，随时随地都能充，烤漆面细腻不留汗渍。,12.20  S5，产品，机身充电口转子刀网，充电口,,,,,,,,,,,,
,结尾,男人用的东西就得省事，进直播间了解更多细节。,礼盒及赠品展示，纯展示,,,,,,,,,,,,
,,,,,,,,,,,,,,,
7月29日,开头,你那个剃须刀的刀网是不是又破了？,没剃的胡子，照镜子全脸摸,张可熠,,,,,,,,,,,
,刀头,看看上谷S5Max，刀片刀网采用一体式嵌入工艺，结构稳，不易坏。,机身展示，转台旋转展示机身  +  刀网，刀网展示,,,,,,,,,,,,
,剃须效果,刀头镀钛处理，硬度高还耐磨，配合自磨技术，不用频繁换刀头。,剃一道，全脸+特写,,,,,,,,,,,,
,动力,39000次高频振动，动力十足不卡须。,12.20  S5，产品，防水，银色[刀头入水],,,,,,,,,,,,
,充电,升级大容量电池，Type-C通用接口，出差不用单带线。,机身展示，保护盒打开关闭展示机身,,,,,,,,,,,,
,结尾,干脆把好刀，省心好几年，现在进直播间还有活动。,产品拿出拔盖正反展示,,,,,,,,,,,,
,,,,,,,,,,,,,,,
7月29日,开头,信我，别买那种几十块的旋转式了，剃半天还是不干净。,没剃的胡子，竞品卡胡子,张可熠,,"
7670340887595778054",洪晨沛,8.5,,,,,,,
,剃须效果,上谷S5Max往复式剃须刀，浮动五刀头，刀网贴脸严丝合缝，下巴喉结一遍过，不留渣。,机身展示，手持机身  +  剃半脸,,,,,,,,,,,,
,七级防水,平板面一冲就干净不藏渣，全机防水随便冲。,防水效果，丢进玻璃缸,,,,,,,,,,,,
,动力,升级合金转子电机，每分钟39000转的动力，硬茬也能轻松切断，镀钛刀头久用依然锋利。,转子展示  +  剃一道，特写,,,,,,,,,,,,
,结尾,趁活动换把好刀，现在进直播间看看吧。,礼盒及赠品展示，纯展示,,,,,,,,,,,,
,,,,,,,,,,,,,,,
7月29日,开头,买剃须刀就看三点，刀头、电机和防水,机身展示，红布抽开展示产品,张可熠,,7670081275056046122,洪晨沛,8.4,11,12.12%,0,,,,
,剃须效果,上谷S5Max浮动五刀头，外加镀钛自磨，刮得净还耐用，不用频繁换刀头。,剃一道，全脸,,,,,,,,,,,,
,动力,升级合金转子39000转每分钟，动力强劲不震手，硬茬不卡。,12.20  S5，产品，机身充电口转子刀网，转子展示,,,,,,,,,,,,
,七级防水,全机防水，洗澡也能放心刮，平板面水冲就干净。,防水效果，丢进玻璃缸,,,,,,,,,,,,
,充电,Type-C快充，大容量电池长续航，出差旅行都不担心。,12.20  S5，产品，机身充电口转子刀网，机身展示，黑色，有其他动作[拿出画],,,,,,,,,,,,
,结尾,进直播间看看，入手不亏。,机身展示，手持机身,,,,,,,,,,,,
,,,,,,,,,,,,,,,
7月29日,开头,经常出差的朋友，看到这条别划走。,礼盒，礼盒开盖,张可熠,,7670081263086223401,洪晨沛,8.4,16,6.25%,0,,,,
,外观机身,上谷S5Max剃须刀，Type-C口快充，跟你的手机共用一根线，为你的行李减减负。,12.20  S5，产品，机身充电口转子刀网，机身展示，黑色，有其他动作[有赠品],,,,,,,,,,,,
,剃须效果,超长续航，出差半个月都不用担心没电。关键是自带旅行锁功能，放行李箱里不怕误触开机。,剃一道，全脸,,,,,,,,,,,,
,七级防水,平板刀头一冲就干净，全机防水，酒店洗手台随便造。,防水效果，丢进玻璃缸,,,,,,,,,,,,
,结尾,经常往外跑的，这个太合适了。趁现在直播间还有活动，快来看看吧,机身展示，保护盒打开关闭展示机身,,,,,,,,,,,,
,,,,,,,,,,,,,,,
7月29日,开头,早上赶时间，刮胡子还得跟它较劲？,没剃的胡子，竞品卡胡子,张可熠,,,,,,,,,,,
,剃须效果,换上谷S5Max试试。五刀头一贴上去，不用来回蹭，几下就干净了。,剃一道，特写,,,,,,,,,,,,
,七级防水,全机防水，着急的话直接拿水冲冲就能出门。,防水效果，直接冲水,,,,,,,,,,,,
,充电,Type-c充电口，办公室、车上、家里随时充,12.20  S5，产品，机身充电口转子刀网，充电口，银色[/黑色] [插电],,,,,,,,,,,,
,刀头,自磨刀头，不怕用久了变钝。,刀网，刀网展示,,,,,,,,,,,,
,结尾,好用不贵，趁现在活动给老爸也带一个，进直播间看看吧。,礼盒及赠品展示，从人到礼盒产品赠品展示,,,,,,,,,,,,
,,,,,,,,,,,,,,,
7月30日,开头,想体验一把“刀过无痕”的感觉吗？,剃半脸,张可熠,,,,,,,,,,,
,刀头,看上谷S5Max，刀网薄到看见里面刀片，一体式嵌入浮动五刀头，贴几遍就干净。,刀网，刀网展示  +  刀网，按动刀网  +剃半脸，真剃,,,,,,,,,,,,
,七级防水,平板面一冲就干净，全机防水随便洗。,防水效果，直接冲水  +  12.20  S5，产品，防水,,,,,,,,,,,,
,剃须效果,镀钛自磨刀头久用依然锋利，不用频繁换。,剃一道，特写,,,,,,,,,,,,
,动力,升级转子每分钟39000转，剃的干净不夹须。,12.20  S5，产品，机身充电口转子刀网，转子展示,,,,,,,,,,,,
,外观机身,烤漆面不留痕，手感细腻。,机身展示，车上机身入画,,,,,,,,,,,,
,结尾,对自己好点，点开直播间看看，趁活动入手不亏。,礼盒及赠品展示，从人到礼盒产品赠品展示,,,,,,,,,,,,
,,,,,,,,,,,,,,,
7月30日,开头,不吹牛，这把剃须刀是我用过最省心的。,机身展示，转台旋转展示机身,张可熠,,,,,,,,,,,
,剃须效果,上谷S5Max，浮动五刀头，下巴脖子都能刮得干干净净。,12.20  S5，产品，机身充电口转子刀网，刀网展示  +  剃一道，全脸,,,,,,,,,,,,
,动力,能自磨的镀钛刀片，加上39000转的转速，用了一年锋利度依旧在线,刀网，刀网展示  +  转子展示  +  左右脸对比,,,,,,,,,,,,
,七级防水,全机防水，平板面水冲就干净。,12.20  S5，产品，防水  +  防水效果，直接冲水,,,,,,,,,,,,
,充电,Type-C快充，超长续航，缓解你的续航焦虑。,12.20  S5，产品，机身充电口转子刀网，充电口,,,,,,,,,,,,
,结尾,现在活动价很给力，兄弟们自己点直播间进去看看，不好用来找我。,礼盒，礼盒开盖  +  产品拿出拔盖正反展示,,,,,,,,,,,,
,,,,,,,,,,,,,,,
7月30日,开头,男人的第二把剃须刀，得选懂你的。,机身展示，机身扫光,张可熠,,,,,,,,,,,
,刀头,上谷S5Max，4+1浮动五刀头，,产品拿出拔盖正反展示,,,,,,,,,,,,
,剃须效果,贴面剃须不残留；洗澡顺手刮，,剃一道，全脸,,,,,,,,,,,,
,七级防水,全机防水，水一冲就完事。,防水效果，直接冲水,,,,,,,,,,,,
,充电,超长长续航，Type-C充电。,充电口展示通电电量显示,,,,,,,,,,,,
,外观机身,双涂双烤，漆面细腻更耐用。,12.20  S5，产品，机身充电口转子刀网，机身展示，转台展示,,,,,,,,,,,,
,结尾,趁活动给自己一份体面的礼物，点开直播间看看吧。,礼盒及赠品展示，从人到礼盒产品赠品展示,,,,,,,,,,,,
,,,,,,,,,,,,,,,
7月30日,开头,你算过没有，便宜剃须刀隔俩月换次刀头，一年下来都够买把好的了。,没剃的胡子，竞品卡胡子,张可熠,,,,,,,,,,,
,刀头,上谷S5Max镀钛刀头久用依然锋利，为你的剃须体验稳稳托底。,刀网，按动刀网  +  机身展示，手持机身,,,,,,,,,,,,
,剃须效果,浮动五刀头一体嵌入，下巴喉结几下净不留胡茬。,12.20  S5，产品，机身充电口转子刀网，刀网展示，银色[/黑色] [手摸刀网]  +  剃一道，特写,,,,,,,,,,,,
,动力,新升级转子39000转动力十足，,12.20  S5，产品，机身充电口转子刀网，转子展示,,,,,,,,,,,,
,七级防水,全机防水放心用，平板面设计水一冲就干净,12.20  S5，产品，防水   +   防水效果，直接冲水,,,,,,,,,,,,
,结尾,聪明人算长期账，直播间点开看看值不值。,礼盒及赠品展示，从人到礼盒产品赠品展示,,,,,,,,,,,,
,,,,,,,,,,,,,,,
7月30日,开头,停！看我下巴这硬得扎手的青茬，普通剃须刀磨三遍都留印子！,没剃的胡子，照镜子全脸摸  +  没剃的胡子，竞品卡胡子,张可熠,,,,,,,,,,,
,剃须效果,直接上谷S5Max怼上去——电动往复式加浮动五刀头，顺着下颌线一滑，胡茬直接全被带下来。,没剃的胡子，假装在剃  +  剃一道，全脸  +  剃一道，特写,,,,,,,,,,,,
,七级防水,它还是平板面设计，用完放水龙头下冲两秒，碎胡茬顺着水流直接冲干净。,12.20  S5，产品，机身充电口转子刀网，转子展示  +  防水效果，直接冲水,,,,,,,,,,,,
,充电,Type-C通用充电，手机线就能充，出门半个月不用带充电器。,12.20  S5，产品，机身充电口转子刀网，充电口  +  机身展示，保护盒打开关闭展示机身,,,,,,,,,,,,
,结尾,别划走，你的心仪好物正在直播间等你挑选。,产品拿出拔盖正反展示,,,,,,,,,,,,
,,,,,,,,,,,,,,,
7月30日,开头,剃须刀刮不干净还扯胡子，早上剃完下午就冒胡茬，说的就是你吧？,没剃的胡子，竞品卡胡子  +  没剃的胡子，全脸摸,张可熠,,,,,,,,,,,
,动力,试试上谷S5Max，39000次/分钟高频震动，动力猛到硬茬轻松推掉。,机身展示，转台旋转展示机身  +  12.20  S5，产品，机身充电口转子刀网，转子展示  +  剃半脸,,,,,,,,,,,,
,剃须效果,4+1浮动五刀头，专门针对下巴、喉结这些剃不净的死角，来回几下就搞定。,刀网，刀网贴手腕  +  剃一道，特写,,,,,,,,,,,,
,七级防水,全机防水，怎么冲都没事。,12.20  S5，产品，防水  +  防水效果，丢进玻璃缸,,,,,,,,,,,,
,结尾,直播间还有详细介绍，被剃须折磨过的兄弟可以看看。,12.20  S5，产品，礼盒，银色[黑色],,,,,,,,,,,,
,,,,,,,,,,,,,,,
7月30日,开头,有没有一把剃须刀，光放在洗手台上就显品位？,礼盒，礼盒开盖,张可熠,,,,,,,,,,,
,七级防水,上谷S5Max算一个。高温烤制漆面，触感像陶瓷一样温润，关键是不留指纹，随手一放都干干净净。,机身展示，车上机身入画  +  12.20  S5，产品，防水[水波]  +  机身展示，转台旋转展示机身,,,,,,,,,,,,
,外观机身,平板面设计，没有多余的线条，简洁利落。,机身展示，转台旋转展示机身,,,,,,,,,,,,
,剃须效果,镀钛刀头工艺，耐磨不锈，用久了依然顺滑。,刀网，刀网贴手腕  +  剃一道，特写,,,,,,,,,,,,
,动力,39000转动力储备，剃须只是顺手的事。,12.20  S5，产品，机身充电口转子刀网，转子展示  +  剃一道，全脸,,,,,,,,,,,,
,结尾,这质感对得起价格，进直播间了解更多细节。,机身展示，手持机身,,,,,,,,,,,,
,,,,,,,,,,,,,,,
7月30日,动力,39000转/分钟，什么概念？普通剃须刀转速也就一两万，这个直接翻倍。,12.20S5，产品，机身充电口转子刀网，转子展示  +  12.20S5，产品，机身充电口转子刀网，刀网展示，黑色[刀网+转子],张可熠,,7670101958876577798,洪晨沛,8.4,13.33333333,2.50%,0,,,,
,剃须效果,上谷S5Max搭载升级合金转子，硬胡须、络腮胡、两天没刮的粗茬，推过去就掉，不带犹豫的。,12.20  S5，产品，防水，银色[刀头入水]  +  没剃的胡子，照镜子全脸摸  +  剃一道，全脸,,,,,,,,,,,,
,刀头,4+1浮动五刀头，刀片和刀网一体嵌入，刀头贴着脸型走，不放过任何一根。,刀网，按动刀网  +  剃一道，特写,,,,,,,,,,,,
,结尾,动力猛但不震手，手感稳得很，动力党放心入。,机身展示，保护盒打开关闭展示机身  +  礼盒及赠品展示，纯展示,,,,,,,,,,,,
,,,,,,,,,,,,,,,
7月30日,开头,是不是总在算手上的刀片还能用多久，上谷S5Max帮你省去这个烦恼。,没剃的胡子，全脸摸  +  机身展示，车上机身入画,张可熠,,7670081258488594474,洪晨沛,8.4,29.66666667,1.12%,0,,,,
,刀头,刀头精钢镀钛，长久使用依然锋利。,刀网，刀网展示  +  12.20  S5，产品，机身充电口转子刀网，刀网展示，银色[黑色] [手摸刀网],,,,,,,,,,,,
,充电,Type-C充电一次，按每天剃须2分钟算，一个半月不用碰充电器。,12.20  S5，产品，机身充电口转子刀网，充电口，黑色[银色] [插电]  +  机身展示，保护盒打开关闭展示机身,,,,,,,,,,,,
,,身自带电子屏，剩多少电写着呢，不用靠猜。,充电口展示通电电量显示,,,,,,,,,,,,
,动力,39000次/分钟动力，剃得又快又干净。,12.20  S5，产品，机身充电口转子刀网，转子展示  +  剃一道，特写,,,,,,,,,,,,
,结尾,上谷S5Max，适合每一个不爱折腾的你。,12.20  S5，产品，礼盒，黑色[银色] [产品拿出],,,,,,,,,,,,
,,,,,,,,,,,,,,,
7月30日,开头,预算不多但不想将就？看看上谷S5Max。,机身展示，红布抽开展示产品,张可熠,,7670472564363264041,洪晨沛,8.5,,,,,,,
,外观机身,礼盒及赠品展示\从人到礼盒产品赠品展示ycc1939,机身展示，手持机身  +  12.20  S5，产品，防水，黑色[银色] [水波],,,,,,,,,,,,
,剃须效果+动力,针对专为国人的硬胡茬设计，4+1浮动五刀头加39000转动力，剃须实力在线。,剃半脸，真剃  +  转子展示  +  剃一道，特写,,,,,,,,,,,,
,七级防水,全机防水，打理方便。,防水效果，直接冲水,,,,,,,,,,,,
,结尾,花不多的钱买个好用的，现在直播间还有超值活动。,礼盒及赠品展示，从人到礼盒产品赠品展示,,,,,,,,,,,,
,,,,,,,,,,,,,,,
7月30日,开头,不讲故事不煽情，就问一句：剃得干净不干净？,机身展示，转台旋转展示机身,张可熠,,"7670464304647995428
",洪晨沛,8.5,,,,,,,
,动力,上谷S5Max，39000次/分钟合金转子，粗胡茬都拿下。,12.20  S5，产品，机身充电口转子刀网，转子展示  +  剃一道，特写,,,,,,,,,,,,
,动力+剃须效果,4+1浮动五刀头搭配镀钛刀网，贴着脸型走，不留胡茬。,刀网，刀网贴手腕  +  剃半脸,,,,,,,,,,,,
,七级防水,全机防水，用完直接水冲。,防水效果，丢进玻璃缸,,,,,,,,,,,,
,剃须效果,没有花里胡哨的功能，就是把胡子剃干净。,剃完展示，上脸再展示,,,,,,,,,,,,
,结尾,实在人选实在货，直播间这波优惠，别错过。,12.20  S5，产品，礼盒，银色[开盖],,,,,,,,,,,,
,,,,,,,,,,,,,,,
7月30日,开头,你有没有过这种经历——剃到一半没电了，半边脸刮了半边没刮？,没剃的胡子，照镜子全脸摸  +  没剃的胡子，竞品卡胡子,张可熠,,7670464312523341865,洪晨沛,8.5,,,,,,,
,外观机身,上谷S5Max给你配了块电子屏，电量剩多少一眼就知道。,12.20  S5，产品，机身充电口转子刀网，机身展示，银色[黑色]，有其他动作 [按开关],,,,,,,,,,,,
,充电,Type-C充电随时补电，长续航够用很久。,充电口展示通电电量显示,,,,,,,,,,,,
,剃须效果,连死角里的短须，都能清干净,剃一道，特写,,,,,,,,,,,,
,七级防水,全机防水一冲即净。,防水效果，丢进玻璃缸,,,,,,,,,,,,
,结尾,直播间活动进行中，有电量焦虑的可以放心入手,12.20  S5，产品，机身充电口转子刀网，机身展示,,,,,,,,,,,,
,,,,,,,,,,,,,,,
7月31日,开头,讲究人都在用的上谷S5Max，细节直接拉满！,机身展示，车上机身入画,张可熠,,7670464296363573291,洪晨沛,8.5,,,,,,,
,外观机身,第一，高温烤制，漆面细腻，怎么摸都不留痕；,12.20  S5，产品，机身充电口转子刀网，机身展示，银色，有其他动作[翻转+摩挲],,,,,,,,,,,,
,充电,第二，Type-C接口，一根手机线随时续航；,12.20  S5，产品，机身充电口转子刀网，充电口，银色[黑色] [插电],,,,,,,,,,,,
,动力,第三，3900转强力剃须，再硬的胡子也能剃。,转子展示  +  剃半脸，真剃,,,,,,,,,,,,
,剃须效果 +七级防水,核心配置更是硬核：浮动五刀头贴面剃须，全机身防水好清洗！,剃一道，特写  +  防水效果，直接冲水,,,,,,,,,,,,
,结尾,上谷，让你买得放心，今天直播间价格超给力。,12.20  S5，产品，机身充电口转子刀网，机身展示，转台展示  +  礼盒及赠品展示，纯展示,,,,,,,,,,,,
,,,,,,,,,,,,,,,
7月31日,开头,早高峰前的时间按秒算。,没剃的胡子，照镜子全脸摸,张可熠,,7670469504334626879,洪晨沛,8.5,,,,,,,
,动力,上谷S5Max，39000转高转速，动力摆在那，不用来回蹭，一下是一下。,12.20  S5，产品，机身充电口转子刀网，转子展示  +  剃半脸,,,,,,,,,,,,
,刀头,4+1浮动五刀头，贴合面部，转角也能丝滑带过 （违规存疑⚠️）,刀网，按动刀网  +  刀网，刀网贴手腕,,,,,,,,,,,,
,剃须效果,镀钛工艺顺滑不扯皮，亲肤柔和放心用。,剃一道，特写,,,,,,,,,,,,
,七级防水,全机防水，直接冲水就完事，不耽误出门。,12.20  S5，产品，防水,,,,,,,,,,,,
,结尾,用好的品质，让你每天早上多睡5分钟。（违规存疑⚠️）,机身展示，手持机身,,,,,,,,,,,,
,,,,,,,,,,,,,,,
7月31日,开头,想找一把能长久用下去的剃须刀吗？,没剃的胡子，全脸摸,张可熠,,7670835431633944630,洪晨沛,8.6,,,,,,,
,刀头+剃须效果,上谷S5Max，刀头采用耐磨材质，不用频繁更换，用个几年状态还在线。,12.20  S5，产品，机身充电口转子刀网，机身展示，转台展示  +  12.20  S5，产品，机身充电口转子刀网，刀网展示,,,,,,,,,,,,
,充电,Type-C充电加超长续航，出门不用老惦记充电。,充电口展示通电电量显示  +  机身展示，保护盒打开关闭展示机身,,,,,,,,,,,,
,剃须效果 +七级防水,4+1浮动五刀头加镀钛工艺，剃须干净不刺激。全机防水好打理。,刀网，按动刀网  +  剃一道，特写  +  12.20  S5，产品，防水,,,,,,,,,,,,
,结尾,进直播间看看这把不用操心的剃须刀。,礼盒及赠品展示，从人到礼盒产品赠品展示,,,,,,,,,,,,
,,,,,,,,,,,,,,,
7月31日,开头,谁说剃须刀不能是科技单品？,机身展示，转台旋转展示机身,张可熠,,7670835392590872618,洪晨沛,8.6,,,,,,,
,充电,上谷S5Max自带电子屏，剩余续航清清楚楚，科技感直接拉满。,充电口展示通电电量显示  +  12.20  S5，产品，防水,,,,,,,,,,,,
,外观机身,外壳高温烤制漆面，质感细腻到像手机背板，设计简约高级。,机身展示，车上机身入画  +  机身展示，手持机身,,,,,,,,,,,,
,动力,39000转动力内核够硬，不是花瓶。,12.20  S5，产品，机身充电口转子刀网，转子展示,,,,,,,,,,,,
,七级防水,全机防水，清洁不再是烦恼。,防水效果，丢进玻璃缸  +  防水效果，直接冲水,,,,,,,,,,,,
,结尾,数码控和颜值党都会多看两眼，进直播间看更多细节,12.20  S5，产品，机身充电口转子刀网，机身展示，黑色[/银色]，有其他动作 [拿出画],,,,,,,,,,,,
,,,,,,,,,,,,,,,
7月31日,开头,如果只买一把剃须刀，又希望它功能齐全——选上谷S5Max不会错。,机身展示，机身扫光  +  12.20  S5，产品，机身充电口转子刀网，机身展示，黑色[/银色]，有其他动作  +  剃一道，全脸,张可熠,,7670835425468661801,洪晨沛,8.6,,,,,,,
,刀头,4+1浮动五刀头剃得干净,12.20  S5，产品，机身充电口转子刀网，刀网展示  +  剃一道，特写,,,,,,,,,,,,
,动力,39000转动力不拖沓,转子展示,,,,,,,,,,,,
,充电,Type-C充电加大容量电池出门方便，旅行锁防误触省心，,充电口展示通电电量显示  +  机身展示，保护盒打开关闭展示机身,,,,,,,,,,,,
,七级防水,全机防水好清洗,防水效果，直接冲水,,,,,,,,,,,,
,结尾,好的品质，不让你纠结，现在直播间还有超值活动。,机身展示，手持机身  +  礼盒及赠品展示，纯展示,,,,,,,,,,,,
,,,,,,,,,,,,,,,
7月31日,开头,刮完胡子脸上还留一层青灰色的茬，看着像没刮干净？,没剃的胡子，照镜子全脸摸  +  没剃的胡子，特写摸,张可熠,,7670835404624904235,洪晨沛,8.6,,,,,,,
,刀头,上谷S5Max的镀钛刀网够薄，配合一体式嵌入刀头，,12.20  S5，产品，机身充电口转子刀网，刀网展示  +  12.20  S5，产品，机身充电口转子刀网，转子展示,,,,,,,,,,,,
,剃须效果,刀片紧贴皮肤从根部切断，剃完脸上干干净净，几乎没有残留胡茬。,刀网，刀网贴手腕  +  剃一道，特写,,,,,,,,,,,,
,七级防水,全机防水冲冲就干净，不留胡渣在刀头里。,转子展示  +  剃半脸,,,,,,,,,,,,
,动力,39000转动力加大容量电池，日常用完全足够。,12.20  S5，产品，机身充电口转子刀网，转子展示  +  剃完展示，剃完摸脸，不展示，车上,,,,,,,,,,,,
,结尾,清爽感的秘诀就在这里，进直播间了解更多详情。,礼盒及赠品展示，从人到礼盒产品赠品展示,,,,,,,,,,,,
,,,,,,,,,,,,,,,
7月31日,开头,剃须最烦什么？卡住、拉扯、停停顿顿。,没剃的胡子，竞品卡胡子,张可熠,,7670835390447403014,洪晨沛,8.6,,,,,,,
,外观机身,上谷S5Max只做一件事：给你足够的动力。,机身展示，转台旋转展示机身  +  剃半脸,,,,,,,,,,,,
,动力+剃须效果,39000次/分钟高频震动，不管胡须多厚多密，一刀推过去直接断，不带犹豫。,12.20  S5，产品，机身充电口转子刀网，转子展示  +  剃一道，全脸,,,,,,,,,,,,
,七级防水,全机防水直接冲。,防水效果，丢进玻璃缸,,,,,,,,,,,,
,充电,Type-C充电超长续航，要的就是这股干脆劲儿。,12.20  S5，产品，机身充电口转子刀网，充电口  +  没剃的胡子，假装在剃  +  左右脸对比,,,,,,,,,,,,
,结尾,现在直播间还有超值活动，错过还要再等一年,机身展示，手持机身  +  礼盒及赠品展示，纯展示,,,,,,,,,,,,
,,,,,,,,,,,,,,,
7月31日,开头,有过一推到底的剃须体验吗？,剃半脸,张可熠,,,洪晨沛,8.7,,,,,,,
,动力+剃须效果,上谷S5Max强劲合金转子一开，39000次/分震动，络腮胡硬胡茬都清空！,转子展示  +  没剃的胡子，假装在剃  +  左右脸对比,,,,,,,,,,,,
,剃须效果,镀钛工艺刀头顺滑不伤肤，而且越用越锋利，完全没有扯胡子的痛苦。,刀网，刀网贴手腕  +  剃一道，特写,,,,,,,,,,,,
,七级防水,全机防水，洗澡时顺便一冲就干净。,12.20  S5，产品，防水  +  防水效果，直接冲水,,,,,,,,,,,,
,充电,Type-C充一次能用大半个月，这质感绝了！,充电口展示通电电量显示  +  12.20  S5，产品，机身充电口转子刀网，机身展示，银色，有其他动作[侧摸],,,,,,,,,,,,
,结尾,你的专属惊喜正在直播间里等你来领,剃完展示，有推拉,,,,,,,,,,,,
,,,,,,,,,,,,,,,
7月31日,开头,这台剃须刀为什么受欢迎？S5Max往复式剃须刀，针对国人硬胡茬设计，看看这配置！ ,机身展示，红布抽开展示产品  +  机身展示，机身扫光  +  没剃的胡子，全脸摸,张可熠,,,洪晨沛,8.7,,,,,,,
,动力+剃须效果,4+1浮动五刀头，，不管胡子多硬多密，照样拿下！,12.20  S5，产品，机身充电口转子刀网，转子展示  +  剃一道，全脸,,,,,,,,,,,,
,刀头,镀钛工艺加自磨技术，用上两三年依然锋利。,产品拿出拔盖正反展示  +  剃半脸，真剃,,,,,,,,,,,,
,七级防水,平面设计直接水洗，一冲即净，没有藏垢死角。,12.20  S5，产品，防水  +  防水效果，直接冲水,,,,,,,,,,,,
,结尾,现在直播间拍一发四，专属好礼等你拿。,机身展示，保护盒打开关闭展示机身  +  礼盒及赠品展示，纯展示,,,,,,,,,,,,
,,,,,,,,,,,,,,,
7月31日,开头,经常出差最怕两件事：剃须刀在包里误触发热，用到一半没电！,没剃的胡子，照镜子全脸摸  +  没剃的胡子，竞品卡胡子,张可熠,,,洪晨沛,,,,,,,,
,,上谷S5Max自带旅行锁，装包里一万个放心！,产品拿出拔盖正反展示  +  机身展示，保护盒打开关闭展示机身,,,,,,,,,,,,
,充电,电子屏显示剩余电量，Type-C充电一次续航能用大半个月！,充电口展示通电电量显示  +  剃半脸，真剃,,,,,,,,,,,,
,剃须效果,4+1浮动五刀头剃须又快又干净，自磨刀头久用依然锋利，,刀网，刀网贴手腕  +  剃一道，特写,,,,,,,,,,,,
,结尾,现在进直播间还额外送你一个保护盒，出差党直接冲！,礼盒及赠品展示，从人到礼盒产品赠品展示,,,,,,,,,,,,
,,,,,,,,,,,,,,,
7月31日,开头,别再花冤枉钱买那些虚有其表的剃须刀了！,没剃的胡子，竞品卡胡子,张可熠,,,,,,,,,,,
,刀头,上谷S5Max把成本都花在了刀刃上：镀钛工艺加自磨刀头，越用越锋利；,机身展示，车上机身入画  +  刀网，刀网展示,,,,,,,,,,,,
,转子,39000次/分合金转子，横扫粗硬胡茬；,转子展示  +  剃一道，特写,,,,,,,,,,,,
,七级防水,全机防水一冲即净，还有防误触的旅行锁！,12.20  S5，产品，防水  +  机身展示，保护盒打开关闭展示机身,,,,,,,,,,,,
,结尾,更多惊喜，点我头像，直播间见。,礼盒及赠品展示，纯展示,,,,,,,,,,,,
,,,,,,,,,,,,,,,
7月31日,开头,讲真的，时间就是金钱！早上多睡几分钟全靠上谷S5Max！,没剃的胡子，全脸摸  +  没剃的胡子，假装在剃,张可熠,,,,,,,,,,,
,刀头+剃须效果,4+1浮动五刀头，大面积贴合面部轮廓，下巴、喉结、都照顾得到。,12.20  S5，产品，机身充电口转子刀网，刀网展示  +  剃一道，特写,,,,,,,,,,,,
,动力+剃须效果,39000次高频震动，动力够足，几下就能搞定一张脸，出门不用慌。,12.20  S5，产品，机身充电口转子刀网，转子展示  +  剃完展示，剃完摸脸,,,,,,,,,,,,
,外观机身,高温烤制漆面，细腻不留指纹，拿在手上既有质感又有面子。,机身展示，机身扫光  +  机身展示，转台旋转展示机身  +  机身展示，手持机身,,,,,,,,,,,,
,结尾,今天直播间已经安排上了，喜欢的别错过。,防水效果，丢进玻璃缸  +  礼盒及赠品展示，从人到礼盒产品赠品展示,,,,,,,,,,,,
,,,,,,,,,,,,,,,
8月1日,开头,商务男士的形象随时不能塌！,没剃的胡子，全脸摸,张可熠,,,,,,,,,,,
,外观机身,上谷S5Max细腻的高温烤漆外观，搭配硬核镀钛工艺，拿出来就有面子。,12.20  S5，产品，机身充电口转子刀网，机身展示  +  机身展示，转台旋转展示机身  +  机身展示，手持机身,,,,,,,,,,,,
,刀头+剃须效果,镀钛工艺搭配自磨刀头，越用越锋利，时刻保证剃须干净利落。,产品拿出拔盖正反展示  +  剃半脸，真剃  +  剃一道，特写,,,,,,,,,,,,
,充电,Type-C快充续航，还有安全旅行锁防误触，让你出行没有出行之忧。,12.20  S5，产品，机身充电口转子刀网，充电口，银色[黑色] [插电]  +  机身展示，保护盒打开关闭展示机身,,,,,,,,,,,,
,结尾,品质过硬，用着放心。进直播间享专属活动，轻松拿捏精英气场！,礼盒及赠品展示，纯展示  +  剃完展示，有推拉,,,,,,,,,,,,
,,,,,,,,,,,,,,,
8月1日,开头,只要用一次上谷S5Max，你就再也回不去了！,没剃的胡子，假装在剃  +  左右脸对比,张可熠,,,,,,,,,,,
,刀头,4+1浮动五刀头紧贴面部，39000次/分的合金转子动力澎湃，剃须快准狠！,刀网，刀网贴手腕  +  12.20  S5，产品，机身充电口转子刀网，转子展示  +  剃半脸,,,,,,,,,,,,
,剃须效果,自磨刀头越用越锋利，再也不用频繁换刀头。,12.20  S5，产品，防水，银色[刀头入水]  +  剃一道，全脸,,,,,,,,,,,,
,七级防水,全机防水，用完水冲一秒搞定,防水效果，直接冲水,,,,,,,,,,,,
,结尾,别急着划走，直播间里藏着为你准备的惊喜,12.20  S5，产品，礼盒  +  礼盒及赠品展示，纯展示,,,,,,,,,,,,
,,,,,,,,,,,,,,,
8月1日,开头,以前刮胡子是折磨，现在用上谷S5Max简直是享受！,没剃的胡子，竞品卡胡子  +  没剃的胡子，假装在剃,张可熠,,,,,,,,,,,
,刀头+剃须效果,4+1浮动五刀头灵活贴合脸型，配合镀钛自磨刀头，越用越锋利，完全没有拉扯感。,剃一道，特写  +  刀网，刀网展示  +  12.20  S5，产品，机身充电口转子刀网，刀网展示,,,,,,,,,,,,
,外观机身,高温烤制，漆面细腻不留痕，握在手里质感超棒。,12.20  S5，产品，机身充电口转子刀网，机身展示，银色[/黑色]，有其他动作,,,,,,,,,,,,
,充电,满电续航长达大半月，告别频繁充电烦恼，品质有保障。,12.20  S5，产品，机身充电口转子刀网，充电口，银色[黑色] [插电]  +  12.20  S5，产品，防水，黑色[/银色] [水波],,,,,,,,,,,,
,结尾,心动不如行动，让每天剃须都变成一种享受！,剃完展示，上脸再展示  +  礼盒及赠品展示，纯展示,,,,,,,,,,,,
,,,,,,,,,,,,,,,
8月1日,开头,还有5分钟开会，胡子拉碴怎么办？上谷S5Max来救急！,没剃的胡子，全脸摸  +  没剃的胡子，特写摸  +  机身展示，红布抽开展示产品,张可熠,,,,,,,,,,,
,刀头+剃须效果,4+1浮动五刀头大面积覆盖，镀钛自磨刀头贴皮顺滑，几分钟还你干爽利落！,12.20  S5，产品，机身充电口转子刀网，刀网展示，银色[/黑色] [手摸刀网] + [手腕]  +  剃一道，特写,,,,,,,,,,,,
,七级防水,平板面设计支持直接水洗，一冲即净不耽误时间。,防水效果，直接冲水  +  防水效果，丢进玻璃缸,,,,,,,,,,,,
,充电,电子屏随时掌握电量，让你告别电量焦虑，,充电口展示通电电量显示  +  机身展示，手持机身,,,,,,,,,,,,
,结尾,用上谷S5Max，让你时刻保持最佳状态！,剃完展示，剃完摸脸，不展示,,,,,,,,,,,,
,,,,,,,,,,,,,,,
8月1日,开头,在家也能享受理发店一般的剃须体验！,剃半脸，真剃,张可熠,,,,,,,,,,,
,动力,上谷S5Max用镀钛刀网搭配39000次/分合金转子，切削胡茬干净利落。,12.20  S5，产品，机身充电口转子刀网，转子展示  +  剃一道，特写,,,,,,,,,,,,
,剃须效果,自磨刀头越用越锋利，省去频繁换刀头的钱。,12.20  S5，产品，机身充电口转子刀网，刀网展示，银色[/黑色] [手摸刀网] + [手腕]  +  剃半脸,,,,,,,,,,,,
,外观机身,高温烤漆细腻不留痕，怎么看都舒服，,机身展示，机身扫光  +  机身展示，手持机身,,,,,,,,,,,,
,结尾,现在进直播间，专属好礼正在派送中,12.20  S5，产品，礼盒，黑色[/银色],,,,,,,,,,,,
,,,,,,,,,,,,,,,
8月1日,开头,早上多睡几分钟，还是跟满脸胡茬较劲？成年人不做选择，效率和舒适我都要。,没剃的胡子，全脸摸  +  没剃的胡子，竞品卡胡子,张可熠,,,,,,,,,,,
,动力+剃须效果,上谷S5Max，39000转合金转子搭配浮动五刀头，动力猛、贴脸深，为通勤省下的时间多喘口气。,机身展示，转台旋转展示机身  +  转子展示  +  剃一道，全脸,,,,,,,,,,,,
,充电,Type-C快充搭配超长续航，电子屏显电量清清楚楚，出差心里有底。,12.20  S5，产品，机身充电口转子刀网，充电口，黑色[/银色] [插电]  +  产品拿出拔盖正反展示,,,,,,,,,,,,
,七级防水,平板面一冲即净，全机防水不藏垢。,防水效果，直接冲水,,,,,,,,,,,,
,结尾,别让剃须拖慢你的晨间节奏，点击直播间，把时间抢回来，让你每天从容出门。,礼盒及赠品展示，从人到礼盒产品赠品展示  +  剃完展示，剃完摸脸，不展示,,,,,,,,,,,,
,,,,,,,,,,,,,,,
8月1日,开头,男人的品味，往往藏在别人不容易看见的细节里。,没剃的胡子，特写摸  +  没剃的胡子，竞品卡胡子,张可熠,,,,,,,,,,,
,外观机身,上谷S5Max，高温烤制漆面细腻如瓷，随手一放就是洗手台上的质感担当。,12.20  S5，产品，机身充电口…，机身展示，两个颜色一起展示  +  银色，有其他动作[翻转],,,,,,,,,,,,
,动力+剃须效果,内里更是毫不含糊，合金转子与自磨刀头默契配合，剃须干净利落，久用依然锋利。,12.20  S5，产品，机身充电口转子刀网，转子展示  +  12.20  S5，产品，防水，银色[刀头入水]  +  剃一道，特写,,,,,,,,,,,,
,七级防水,全机防水，水冲即净，打理轻松到不像话。,防水效果，丢进玻璃缸  +  防水效果，直接冲水,,,,,,,,,,,,
,结尾,生活不该将就，给自己一份不将就的礼物，直播间正在讲解，来看看什么叫真正的质感。,剃完展示，剃完摸脸，不展示  +  机身展示，手持机身,,,,,,,,,,,,
,,,,,,,,,,,,,,,
8月1日,开头,剃须泛红、刺痛、火辣辣？那不是你皮肤娇气，是刀头不行。,没剃的胡子，照镜子全脸摸  +  没剃的胡子，竞品卡胡子,张可熠,,,,,,,,,,,
,刀头,上谷S5Max，采用刀片刀网一体嵌入技术，搭配镀钛浮动五刀头，顺滑贴合面部每一处轮廓。,机身展示，红布抽开展示产品  +  刀网，刀网展示  +  刀网，刀网贴手腕,,,,,,,,,,,,
,动力,合金转子提供源源不断的强劲动力，再硬的胡茬也能剃。,转子展示  +  剃一道，特写,,,,,,,,,,,,
,七级防水,全机防水，用完水下一冲即净。,12.20  S5，产品，防水[推入]  +  防水效果，丢进玻璃缸,,,,,,,,,,,,
,结尾,别让每天早上这点事影响整天心情，试试亲自体验什么叫顺滑净须。,没剃的胡子，全脸摸  +  剃完展示，上脸再展示,,,,,,,,,,,,
,,,,,,,,,,,,,,,
8月1日,开头,经常在路上的兄弟，行李能少则少，麻烦能省则省。,12.20  S5，产品，礼盒，礼盒推倒  +  机身展示，转台展示,张可熠,,,,,,,,,,,
,充电,上谷S5Max，升级大容量电池，Type-C接口跟手机共用一根线，一个充电头搞定所有。,机身展示，车上机身入画  +  12.20  S5，产品，机身充电口转子刀网，充电口,,,,,,,,,,,,
,外观机身,自带旅行锁，塞进行李箱防误触，安心又省电。,机身展示，保护盒打开关闭展示机身,,,,,,,,,,,,
,七级防水,平板面设计水一冲就干净，不用拆开抠刀头。,12.20  S5，产品，机身充电口转子刀网，转子展示，银色  +  防水效果，直接冲水,,,,,,,,,,,,
,结尾,经常往外跑的，这把太合适了，来直播间，带走这份差旅路上的省心。,剃完展示，剃完摸脸，不展示，车上  +  礼盒及赠品展示，纯展示,,,,,,,,,,,,
,,,,,,,,,,,,,,,
8月1日,开头,别光看标价，剃须刀这笔账得往长了算。几十块的便宜货，不光体验感不好，两年换下来够买把好的了。,没剃的胡子，照镜子全脸摸  +  没剃的胡子，竞品卡胡子,张可熠,,,,,,,,,,,
,刀头+剃须效果,上谷S5Max，合金镀钛自磨刀头，越用越锋利，根本不用频繁更换刀头。,12.20  S5，产品，防水，银色[刀头入水]  +  剃半脸,,,,,,,,,,,,
,动力,39000转强效电机，剃得干净利落，几分钟就搞定。,转子展示  +  剃一道，全脸,,,,,,,,,,,,
,七级防水,全机防水，耐用省心。,12.20  S5，产品，防水  +  防水效果，丢进玻璃缸,,,,,,,,,,,,
,结尾,平均下来每天就几毛钱，聪明人算长期账，直播间正在讲解，进来算算哪笔买卖划算。,机身展示，手持机身  +  礼盒及赠品展示，从人到礼盒产品赠品展示,,,,,,,,,,,,
,,,,,,,,,,,,,,,
8月1日,开头,络腮胡、钢针胡，普通剃须刀看见就犯怵，推半天留一片，还夹得生疼。,没剃的胡子，照镜子特写摸  +  没剃的胡子，竞品卡胡子,张可熠,,,,,,,,,,,
,动力,上谷S5Max升级合金转子，每分钟39000次高频切割，动力储备深不见底。,转子展示  +  剃半脸,,,,,,,,,,,,
,剃须效果,配合浮动五刀头，紧贴下颌、喉结这些犄角旮旯，再硬的胡茬也能剃到。,刀网，按动刀网  +  刀网，刀网贴手腕  +  剃一道，特写,,,,,,,,,,,,
,七级防水,全机防水，干湿双剃，着急的话洗澡顺手就刮了。,防水效果，丢进玻璃缸  +  防水效果，直接冲水,,,,,,,,,,,,
,结尾,进直播间，看看它怎么轻松拿下你的硬胡茬。,机身展示，手持机身  +  礼盒及赠品展示，纯展示,,,,,,,,,,,,
,,,,,,,,,,,,,,,
8月1日,开头,三十多岁的年纪，该对自己好一点了。,没剃的胡子，照镜子全脸摸,张可熠,,,,,,,,,,,
,剃须效果,上谷S5Max，不只是一把剃须工具，更是每天清晨与自己独处的仪式感。,机身展示，转台旋转展示机身  +  机身展示，机身扫光,,,,,,,,,,,,
,外观机身,烤漆机身温润如玉，握感扎实，刀头搭载自磨技术，历久弥新，陪你走过漫长岁月。,12.20S5，产品，机身…，机身展示，黑色[/银色]，有其他动作+12.20S5，产品，机身…，刀网展示[手摸刀网],,,,,,,,,,,,
,七级防水,全机身防水，让你用的省心。,12.20  S5，产品，机身充电口转子刀网，机身展示，黑色[/银色]，有其他动作,,,,,,,,,,,,
,结尾,从清爽利落的状态开始一天，直播间活动已开启，来挑一份犒劳自己的体面礼物。,剃完展示，剃完摸脸，不展示  +  礼盒及赠品展示，纯展示,,,,,,,,,,,,
,,,,,,,,,,,,,,,
8月3日,开头,男人最怕什么？胡子拉碴，穿再贵的西装也显得邋遢没精神。,没剃的胡子，特写摸  +  没剃的胡子，全脸摸,张可熠,,,,,,,,,,,
,动力+剃须效果,上谷S5Max，39000转/分高频动力，搭配镀钛浮动五刀头，所到之处胡茬清空，留下干干净净的清爽面容。,机身展示，红布抽开展示产品  +  产品细节及礼盒展示，转子展示  +   刀网，刀网展示  +  剃一道，特写,,,,,,,,,,,,
,七级防水,平板面一冲即净，全机防水打理轻松到极致。,防水效果，直接冲水,,,,,,,,,,,,
,外观机身,烤漆机身高级有质感，拿在手里有面子。,机身展示，手持机身,,,,,,,,,,,,
,结尾,干净的下巴，才是男人最好的名片。想提升形象、拿捏气场的，点击直播间，型男利器等你来拿。,剃完展示，剃完摸脸，不展示  +  礼盒及赠品展示，从人到礼盒产品赠品展示,,,,,,,,,,,,
,,,,,,,,,,,,,,,
8月3日,开头,剃须最怕什么？卡顿、夹须，生拉硬拽疼得龇牙咧嘴。,没剃的胡子，竞品卡胡子,张可熠,,,,,,,,,,,
,动力,上谷S5Max搭载升级合金转子，动力澎湃且稳定，胡须一触即断，绝不拖泥带水。,12.20  S5，产品，机身充电口转子刀网，转子展示  +  12.20  S5，产品，防水，银色[刀头入水]  +  剃半脸,,,,,,,,,,,,
,刀头,刀头一体式嵌入，结构稳固扎实，剃须过程行云流水。,刀网，刀网展示  +  剃一道，特写,,,,,,,,,,,,
,七级防水,全机防水，一冲即净，不用费心打理。,12.20  S5，产品，防水  +  防水效果，直接冲水,,,,,,,,,,,,
,充电,大电池长续航，Type-C快充，无需频繁充电。,充电口展示通电电量显示,,,,,,,,,,,,
,结尾,追求干脆利落剃须体验的兄弟，直播间已就位，进来看看它到底多猛。,剃完展示，上脸再展示  +  礼盒及赠品展示，纯展示,,,,,,,,,,,,
,,,,,,,,,,,,,,,
8月3日,开头,皮肤敏感的兄弟，剃须简直跟上刑一样，泛红、刺痛、小口子没断过。,12.20  S5，人脸相关,张可熠,,,,,,,,,,,
,剃须效果,上谷S5Max亲肤柔和，刀头采用镀钛工艺，表面顺滑无比，大大减少摩擦刺激。,12.20  S5，产品，机身充电口转子刀网，机身展示  +  剃半脸,,,,,,,,,,,,
,刀头,浮动五刀头灵活贴合，压力均匀分散，不泛红、不拉扯。,刀网，刀网贴手腕  +  剃一道，特写,,,,,,,,,,,,
,动力,3900转动力十足，钝刀扯皮这种事根本不存在。,12.20  S5，产品，机身充电口转子刀网，转子展示  +  左右脸对比,,,,,,,,,,,,
,七级防水,全机防水，冲洗方便。,防水效果，直接冲水,,,,,,,,,,,,
,结尾,敏感肌男生的救星，点击直播间，了解这把锋利的剃须刀。,礼盒及赠品展示，从人到礼盒产品赠品展示,,,,,,,,,,,,
,,,,,,,,,,,,,,,
8月3日,开头,你注意过吗？洗手台上那把剃须刀，是不是有点邋遢。,12.20  S5，产品，礼盒，礼盒推倒,张可熠,,,,,,,,,,,
,外观机身,上谷S5Max，外壳经高温双涂双烤工艺，漆面细腻均匀，耐磨抗污，怎么摸都不留指纹，随手一放都干干净净。,机身展示，机身扫光  +  12.20  S5，产品，机身充电口转子刀网，机身展示,,,,,,,,,,,,
,功能,内在更是硬核实力：合金转子、自磨刀头、全机防水。,12.20  S5，产品，防水  +  12.20  S5，产品，机身充电口转子刀网，转子展示  +  刀网，刀网展示  +  防水效果，丢进玻璃缸,,,,,,,,,,,,
,结尾,内外兼修，才是成熟男人的选择。直播间正在展示细节，别错过。,剃完展示，上脸再展示  +  礼盒及赠品展示，纯展示,,,,,,,,,,,,
,,,,,,,,,,,,,,,
8月3日,开头,刮完胡子，脸上还浮着一层青灰色的胡茬，看着像没刮干净，自己也觉得没精神。,没剃的胡子，特写摸  +  没剃的胡子，照镜子全脸摸,张可熠,,,,,,,,,,,
,刀头+剃须效果,上谷S5Max，刀网做了轻薄化设计，搭配一体式嵌入刀头，紧贴皮肤从根部切割，剃完几乎看不见残留痕迹。,机身展示，转台旋转展示机身  +  刀网，按动刀网  +  左右脸对比,,,,,,,,,,,,
,动力,39000转动力确保每一根胡须都被干净切断，不留毛茬。,转子展示  +  剃一道，特写,,,,,,,,,,,,
,七级防水,整机支持水洗，用完水冲即净。,12.20  S5，产品，防水，黑色[/银色] [浇水],,,,,,,,,,,,
,结尾,想拥有真正干净清爽的面容？来直播间了解这把剃须利器。,剃完展示，剃完摸脸，不展示  +  剃完展示，有推拉,,,,,,,,,,,,
,,,,,,,,,,,,,,,
8月3日,开头,告别那根碍事的电线，Type-C快充让剃须彻底摆脱插座束缚。,产品拿出拔盖正反展示  +  12.20  S5，产品，机身充电口转子刀网，充电口，银色[/黑色] [插电],张可熠,,,,,,,,,,,
,充电,上谷S5Max，充一次电，就能无线畅剃，按每天两分钟算，能用一两个月。,机身展示，手持机身  +  没剃的胡子，假装在剃,,,,,,,,,,,,
,外观机身,电子屏精准显示剩余电量，心中有数不慌张。,充电口展示通电电量显示,,,,,,,,,,,,
,七级防水,全机防水，干湿两用，浴室、洗手台、甚至车里，随性而剃，不受场地限制。,防水效果，丢进玻璃缸  +  12.20  S5，产品，防水，黑色[/银色] [水波]  +  剃完展示，剃完摸脸，不展示，车上,,,,,,,,,,,,
,结尾,享受自由无束缚的剃须体验，点进直播间，把它带回家。,礼盒及赠品展示，从人到礼盒产品赠品展示,,,,,,,,,,,,
,,,,,,,,,,,,,,,
8月3日,开头,一把剃须刀能用多久，关键看刀头。,产品拿出拔盖正反展示,张可熠,,,,,,,,,,,
,刀头,上谷S5Max，刀头采用精钢镀钛工艺，硬度高、耐磨损，长期使用依旧保持锋利。,刀网，刀网展示  +  剃一道，特写,,,,,,,,,,,,
,外观机身,刀片刀网一体嵌入，结构牢固不松动。,机身展示，手持机身,,,,,,,,,,,,
,剃须效果,往复式浮动五刀头，剃得干净不伤肤。,刀网，按动刀网  +  剃一道，特写,,,,,,,,,,,,
,结尾,想找一把能长久陪伴、不用操心的剃须刀？直播间正在讲解，进来看看这份硬核耐用性。,剃完展示，上脸再展示  +  礼盒及赠品展示，纯展示,,,,,,,,,,,,
,,,,,,,,,,,,,,,
8月3日,开头,还在用传统剃须刀吗？费时费力不说，手一抖就卡住。该升级了！,没剃的胡子，全脸摸  +  没剃的胡子，竞品卡胡子,张可熠,,,,,,,,,,,
,外观机身,上谷S5Max，一键即享干净利落。,产品拿出拔盖正反展示,,,,,,,,,,,,
,剃须效果+动力,浮动五刀头贴合面部每寸曲线，合金转子动力强劲，干剃湿剃都顺畅自如。,刀网，刀网贴手腕  +  转子展示  +  剃半脸,,,,,,,,,,,,
,七级防水,全机防水，用完一冲即净，不用拆刀头清洁。,防水效果，丢进玻璃缸  +  防水效果，直接冲水,,,,,,,,,,,,
,充电,Type-C充电，便捷省心，跟手机共用线。,充电口展示通电电量显示,,,,,,,,,,,,
,结尾,升级你的剃须方式，直播间等你，开启省心高效新体验。,剃完展示，有推拉  +  礼盒及赠品展示，纯展示,,,,,,,,,,,,
,,,,,,,,,,,,,,,
8月3日,开头,精英男士，形象管理是基本功，不容有半点闪失。,没剃的胡子，全脸摸,张可熠,,,,,,,,,,,
,外观机身,上谷S5Max，简约流线型设计，融合高温烤漆工艺，低调中见高级，彰显商务格调。,机身展示，转台旋转展示机身  +  12.20  S5，产品，防水[水波],,,,,,,,,,,,
,动力+剃须效果,内在配置同样硬核，39000转动力确保晨间快速净须，从容应对每一场会议。,机身展示，手持机身  +  剃一道，全脸  +  剃完展示，剃完摸脸，不展示,,,,,,,,,,,,
,七级防水,全机防水易打理，让你使用无后顾之忧。,防水效果，直接冲水,,,,,,,,,,,,
,结尾,用上谷开启高效精致的一天，现在直播间有专属活动。,剃完展示，剃完摸脸，不展示，车上  +  礼盒及赠品展示，纯展示,,,,,,,,,,,,
,,,,,,,,,,,,,,,
8月3日,开头,你是不是也有电量焦虑？手机低于50%就心慌，剃须刀更是怕用到一半没电。,没剃的胡子，照镜子全脸摸  +  没剃的胡子，竞品卡胡子,张可熠,,,,,,,,,,,
,充电,上谷S5Max，升级大容量电池，配合Type-C快充，手机电脑都能给它补电，随时满血。,12.20  S5，产品，机身充电口转子刀网，充电口  +  充电口展示通电电量显示,,,,,,,,,,,,
,外观机身,电子屏显，余电精确到百分比，再也不用靠猜。,产品拿出拔盖正反展示,,,,,,,,,,,,
,七级防水,全机防水，一冲即净。,12.20  S5，产品，防水[浇水],,,,,,,,,,,,
,结尾,有电量焦虑的朋友，来直播间，这把剃须刀给你满满的安全感。,礼盒及赠品展示，从人到礼盒产品赠品展示,,,,,,,,,,,,
,,,,,,,,,,,,,,,
8月3日,开头,下巴、喉结、人中的胡茬，死角里的硬茬最难剃干净，普通刀头够不着、贴不紧。,没剃的胡子，特写摸  +  没剃的胡子，竞品卡胡子,张可熠,,,,,,,,,,,
,刀头+剃须效果,上谷S5Max，4+1浮动五刀头，每个刀头独立悬浮，主动贴合面部每一处曲线，灵活深入死角，胡须无处藏身。,机身展示，机身扫光  +  刀网，按动刀网  +  剃一道，全脸,,,,,,,,,,,,
,转子,合金转子动力强劲，确保长短须一网打尽，不留遗漏。,12.20  S5，产品，机身充电口转子刀网，转子展示  +  左右脸对比,,,,,,,,,,,,
,七级防水,全机防水，冲洗方便。,防水效果，直接冲水,,,,,,,,,,,,
,结尾,对剃须效果有洁癖般挑剔的你，点进直播间，看它如何征服每一个死角。,礼盒及赠品展示，从人到礼盒产品赠品展示,,,,,,,,,,,,
,,,,,,,,,,,,,,,
8月3日,开头,设计做减法，体验做加法，这才是好产品该有的样子。,机身展示，红布抽开展示产品  +  机身展示，机身扫光,张可熠,,,,,,,,,,,
,剃须效果,上谷S5Max，摒弃一切繁杂无用功能，专注把剃须这件事做到极致。,机身展示，车上机身入画  +  剃完展示，剃完摸脸，不展示，车上,,,,,,,,,,,,
,外观机身,一键启动，平板面设计简约流畅，一冲即净。,产品拿出拔盖正反展示  +  防水效果，直接冲水,,,,,,,,,,,,
,功能,内核却是满配：自磨刀头、39000转电机、全机防水。,刀网，刀网展示  +  转子展示  +  防水效果，丢进玻璃缸,,,,,,,,,,,,
,结尾,简约而不简单，实用主义者的首选。直播间已开，进来看看这份纯粹的硬核实力。,剃完展示，上脸再展示  +  礼盒及赠品展示，纯展示,,,,,,,,,,,,
,,,,,,,,,,,,,,,
8月4日,开头,早上的时间比黄金还宝贵，剃须这事必须快、准、净，不能拖后腿。,没剃的胡子，全脸摸ycc1548  +  剃半脸ycc1602,张可熠,,,,,,,,,,,
,动力+剃须效果,上谷S5Max，39000次/分高频振动，大面积浮动刀头，几下就能覆盖全脸。,机身展示，手持机身ycc1553  +  12.20  S5，产品，机身…，转子展示，黑色 M3611  +  剃一道，特写ycc1610,,,,,,,,,,,,
,七级防水,全机防水，冲几下就完事，不耽误出门时间。,防水效果，直接冲水ycc2009  +  剃完展示，剃完摸脸，不展示ycc1858,,,,,,,,,,,,
,充电,Type-C快充，随时待命，没电了随便找个充电宝就能续命。,充电口展示通电电量显示ycc1932,,,,,,,,,,,,
,结尾,为快节奏生活的你量身打造，直播间正在直播，快进来看看这款晨间效率神器。,机身展示，车上机身入画ycc1995  +  礼盒及赠品展示，纯展示ycc2036,,,,,,,,,,,,
,,,,,,,,,,,,,,,
8月4日,开头,最近社交平台上爆火的那把剃须刀，到底是不是智商税？,机身展示，转台旋转展示机身ycc2063,张可熠,,,洪晨沛,8.7,,,,,,,
,剃须效果,上谷S5Max，凭硬核配置出圈，不是花架子。,机身展示，红布抽开展示产品ycc2026  +  剃一道，全脸ycc1632,,,,,,,,,,,,
,功能,镀钛工艺、浮动五刀头、合金转子，配置直接拉满。,12.20  S5，产品，机身充电口转子刀网，转子展示，银色M3498 + M3758,,,,,,,,,,,,
,外观机身,高温烤漆外观，颜值在线，摆出来就是品味。,机身展示，手持机身ycc1556,,,,,,,,,,,,
,七级防水,全机防水，Type-C充电，便捷实用不挑场合。,12.20  S5，产品，机身充电口转子刀网，转子展示，银色M3553 + M3749,,,,,,,,,,,,
,结尾,想知道它为什么这么火？点开直播间，一探究竟，看看值不值得入手。,12.20  S5，产品，机身充电口转子刀网，机身展示，黑色，有其他动作 抛接  +  礼盒及赠品展示，纯展示ycc2037,,,,,,,,,,,,
,,,,,,,,,,,,,,,
8月4日,开头,玩游戏讲究低延迟、高响应，剃须也一样不能拖沓。,没剃的胡子，照镜子全脸摸ycc1587  +  剃半脸ycc1602,张可熠,,,洪晨沛,8.7,,,,,,,
,动力,上谷S5Max，指尖轻按开关，39000转动力瞬间响应。,12.20  S5，产品，机身充电口转子刀网，机身展示，黑色，有其他动作 按开关 + 12.20  S5，产品，机身充电口转子刀网，转子展示，黑色M3611,,,,,,,,,,,,
,刀头+剃须效果,刀头灵活浮动，指哪打哪，胡茬再多也一圈清干净，操控感拉满。,12.20  S5，产品，机身充电口转子刀网，刀网展示，黑色 手摸刀网  +  剃完展示，剃完摸脸，不展示，车上ycc1979,,,,,,,,,,,,
,七级防水,全机防水，一冲即净，不用费心打理。,防水效果，丢进玻璃缸ycc2070  +  防水效果，直接冲水ycc2008,,,,,,,,,,,,
,结尾,追求极致体验、对效率有执念的你，直播间已准备就绪，好不好用，你上手说了算。,剃完展示，上脸再展示ycc1831,,,,,,,,,,,,
,,,,,,,,,,,,,,,
8月4日,开头,生活的品质感，从来不在于惊天动地的大事，而在于日常小物带来的愉悦。,机身展示，手持机身ycc1555  +  12.20  S5，产品，机身充电口转子刀网，机身展示，黑色，有其他动作 拿出画4,张可熠,,,洪晨沛,8.7,,,,,,,
,剃须效果+外观机身,每天清晨用上谷S5Max，感受刀锋掠过肌肤的顺滑，细品烤漆机身温润如玉的触感，是一种踏实的小确幸。,剃一道，全脸ycc1702  +  刀网，刀网贴手腕ycc2016  +  12.20  S5，产品，机身充电口转子刀网，机身展示，银色，有其他动作 摩挲,,,,,,,,,,,,
,刀头,自磨刀头，让这份舒爽历久弥新。,12.20  S5，产品，机身充电口转子刀网，机身展示，黑色，有其他动作 放倒,,,,,,,,,,,,
,结尾,想从每天第一件小事开始提升幸福感？点击直播间，让品质生活，从一把懂你的剃须刀开始。,左右脸对比ycc1605  +  礼盒及赠品展示，从人到礼盒产品赠品展示ycc1941,,,,,,,,,,,,
,,,,,,,,,,,,,,,
8月4日,开头,每天早上赶着出门，老剃须刀刮完，下巴总留着硬胡茬，和家人亲近也容易扎到。,没剃的胡子，竞品卡胡子ycc1589  +  没剃的胡子，特写摸ycc1545,张可熠,,,,,,,,,,,
,刀头,上谷S5Max剃须刀，4+1浮动五刀头，贴合脸部各处轮廓，,机身展示，红布抽开展示产品ycc2027  +  刀网，按动刀网ycc2014  +  刀网，刀网贴手腕ycc2017,,,,,,,,,,,,
,动力,39000转高转速，快速扫净浅层胡茬。,转子展示ycc1975,,,,,,,,,,,,
,剃须效果,镀钛自磨刀头，用久了依旧顺滑，不容易卡须。,12.20  S5，产品，防水，银色 刀头入水  +  左右脸对比ycc1605,,,,,,,,,,,,
,七级防水,支持整机水洗，用完水下一冲就干净。,12.20  S5，产品，防水，黑色 水波3（推入）  +  防水效果，直接冲水ycc2009,,,,,,,,,,,,
,结尾,有需要的朋友，点直播间详细了解。,礼盒及赠品展示，纯展示ycc2064,,,,,,,,,,,,
,,,,,,,,,,,,,,,
8月4日,开头,车里、办公桌都可以备一台上谷S5Max，临时约会、突发会议，随手拿来就能用。,礼盒，礼盒上推ycc1901  +  礼盒，礼盒开盖ycc1924  +  机身展示，车上机身入画ycc1998,张可熠,,,,,,,,,,,
,外观机身,高清电子屏，电量一目了然，,12.20  S5，产品，机身充电口转子刀网，机身展示，黑色，有其他动作 按开关,,,,,,,,,,,,
,充电,Type-C通用接口，大容量电池，日常几个月不用频繁充电。,充电口展示通电电量显示ycc1931  +  12.20  S5，产品，机身充电口转子刀网，机身展示，黑色，有其他动作 扫光2,,,,,,,,,,,,
,剃须效果,4+1浮动五刀头，大面积覆盖，轻松打理胡茬。,刀网，刀网展示ycc1959  +  剃一道，全脸ycc1757,,,,,,,,,,,,
,结尾,日常通勤男士，都值得备一台，进直播间看看吧。,礼盒及赠品展示，从人到礼盒产品赠品展示ycc1939,,,,,,,,,,,,
,,,,,,,,,,,,,,,
8月4日,开头,经常出差远行的男士，总嫌带一堆充电线麻烦，上谷S5Max刚好解决这个烦恼。,没剃的胡子，全脸摸ycc1548  +  12.20  S5，产品，机身充电口转子刀网，机身展示，黑色，有其他动作 有赠品2,张可熠,,,,,,,,,,,
,充电,通用Type-C充电接口，可视化电子屏，剩余电量一目了然。,充电口展示通电电量显示ycc1931  +  机身展示，手持机身ycc1838,,,,,,,,,,,,
,外观机身,机身带防误触旅行锁，塞进行李箱不用担心误触开机。,机身展示，保护盒打开关闭展示机身ycc2039,,,,,,,,,,,,
,剃须效果,镀钛自磨刀头，切削顺滑，随时随地都能修整胡须。,剃一道，特写ycc1742  +  剃完展示，剃完摸脸，不展示，车上ycc1977,,,,,,,,,,,,
,结尾,现在直播间还有专属好礼，长期出差人群放心选。,礼盒及赠品展示，从人到礼盒产品赠品展示ycc1942,,,,,,,,,,,,
,,,,,,,,,,,,,,,
8月4日,开头,不少人买剃须刀只看重外观，到手才发现剃不干净，白白浪费预算。,没剃的胡子，竞品卡胡子ycc1597,张可熠,,,,,,,,,,,
,外观机身,上谷S5Max主打实用硬核配置，,机身展示，转台旋转展示机身ycc2062,,,,,,,,,,,,
,动力,39000次/分稳定高转速合金转子，动力输出均匀柔和。,转子展示ycc1975  +  没剃的胡子，假装在剃ycc1550,,,,,,,,,,,,
,刀头,刀片刀网一体化嵌入式设计，搭配自磨工艺，用久了依然顺滑。,刀网展示，银色 转  +  剃一道，特写ycc1792,,,,,,,,,,,,
,七级防水,平整机身支持全身水洗，缝隙不易藏胡屑。,12.20  S5，产品，防水，银色 水波3  +  防水效果，直接冲水ycc2008,,,,,,,,,,,,
,结尾,现在下单享有专属好礼，选购不易踩坑。,机身展示，保护盒打开关闭展示机身ycc2040  +  礼盒及赠品展示，纯展示ycc2064,,,,,,,,,,,,
,,,,,,,,,,,,,,,
8月5日,外观机身,上谷S5Max，机身采用高温烤漆工艺，表层细腻温润，拿握有质感。,12.20  S5，产品，防水，黑色 水波3（推入） +  机身展示，机身扫光ycc1970  +  机身展示，手持机身ycc1552,张可熠,,,,,,,,,,,
,动力,内部配置扎实，4+1浮动五刀头搭配39000转高频运转，快速清扫面部胡茬。,产品拿出拔盖正反展示ycc1929  +  12.20  S5，产品，机身充电口转子刀网，转子展示M3611  +  没剃的胡子，假装在剃ycc1551,,,,,,,,,,,,
,剃须效果,镀钛刀头自带自磨效果，切削顺滑不拉扯肌肤。,刀网，刀网展示ycc1959  +  左右脸对比ycc1608,,,,,,,,,,,,
,七级防水,全机身支持水洗，用完水冲就好，打理不费事。,12.20  S5，产品，防水，银色 浇水  +  防水效果，直接冲水ycc2008,,,,,,,,,,,,
,结尾,现在直播间还有活动，可以进来了解更多细节。,礼盒及赠品展示，从人到礼盒产品赠品展示ycc1954,,,,,,,,,,,,
,,,,,,,,,,,,,,,
8月5日,开头,很多大功率剃须刀开机震动强，握久了手会发麻，上谷S5Max平衡动力与握持体验。,没剃的胡子，照镜子全脸摸ycc1593  +  没剃的胡子，竞品卡胡子ycc1591,张可熠,,,,,,,,,,,
,动力+剃须效果,升级款合金转子稳定输出39000次/分转速，切削胡须流畅顺畅，很少出现卡须拉扯情况。,12.20  S，产品，机身充电口转子刀网，转子展示，银色 M3609  +  剃一道，特写ycc1681,,,,,,,,,,,,
,剃须效果,表层镀钛刀网贴合肌肤，降低摩擦不适感，自磨刀片持久丝滑。,12.20  S5\产品\机身充电口转子刀网\刀网展示\银色 转  +  剃半脸ycc1602,,,,,,,,,,,,
,充电,Type-C快充，超长续航，日常居家外出都方便。,充电口展示通电电量显示ycc1931  +  机身展示\保护盒打开关闭展示机身ycc2039,,,,,,,,,,,,
,结尾,品质稳定靠谱，进直播间看看吧。,剃完展示\上脸再展示ycc1810,,,,,,,,,,,,
,,,,,,,,,,,,,,,
8月5日,开头,下颌和喉结的胡须总刮不净？往往是刀头浮动角度不够。,没剃的胡子\全脸摸ycc1548  +  没剃的胡子\竞品卡胡子ycc1599,张可熠,,,,,,,,,,,
,刀头,上谷S5Max采用4+1浮动五刀头，刀头可跟随面部曲线自适应调整。,12.20  S5\产品\机身充电口转子刀网\刀网展示\黑色 手摸刀网  +  手腕,,,,,,,,,,,,
,动力+剃须效果,更有高转速马达与镀钛自磨刀头组合，让粗硬胡须的切割过程更稳定。,12.20  S5\产品\机身充电口转子刀网\转子展示\黑色M3611  +  剃完展示\剃完摸脸，不展示\车上ycc1985,,,,,,,,,,,,
,七级防水,支持整机水洗，日常维护不用多操心。,防水效果\直接冲水ycc2008  +  12.20  S5\产品\防水\两个颜色一起M3632,,,,,,,,,,,,
,结尾,上谷S5Max，注重实用男士的省心之选，直播间了解更多细节。,机身展示\车上机身入画ycc1994  +  礼盒及赠品展示\纯展示ycc2037,,,,,,,,,,,,
,,,,,,,,,,,,,,,
8月5日,开头,家里老旧剃须刀使用久了刀片变钝，剃须时容易拉扯胡须。,没剃的胡子\竞品卡胡子ycc1597,张可熠,,,,,,,,,,,
,刀头,上谷S5Max来帮你，刀片刀网一体嵌入打磨，搭配自磨技术，剃须顺畅不卡顿。,机身展示\转台旋转展示机身ycc2063  +  刀网\刀网展示ycc1958  +  剃半脸ycc1602,,,,,,,,,,,,
,动力,39000次/分合金转子动力充沛，轻松应对厚重硬胡茬。,转子展示ycc1975  +  剃一道\全脸ycc1622,,,,,,,,,,,,
,外观机身,高温烤漆机身质感在线，握感细腻。,机身展示\手持机身ycc1553,,,,,,,,,,,,
,结尾,日常使用更安心，性价比超高，直播间了解更多细节。,礼盒及赠品展示\从人到礼盒产品赠品展示ycc1939,,,,,,,,,,,,
,,,,,,,,,,,,,,,
8月5日,开头,选购剃须刀别忽略长期成本！,机身展示\保护盒打开关闭展示机身ycc2038,张可熠,,,,,,,,,,,
,刀头,上谷S5Max刀头采用镀钛耐磨自磨工艺，越用越锋利，持久保持净剃效果。,12.20  S5\产品\机身充电口转子刀网\刀网展示\黑色M3518  +  剃半脸ycc1602,,,,,,,,,,,,
,剃须效果,4+1浮动五刀头增大接触面积，轻松贴合面部轮廓，剃须更省时。,12.20  S5\产品\机身充电口转子刀网\刀网展示\黑色 刷子刷刀网  + 剃一道\全脸ycc1633,,,,,,,,,,,,
,七级防水,平版面设计，全机防水，轻松打理无死角。,12.20  S5\产品\机身充电口转子刀网\转子展示\黑色M3748  +  12.20  S5\产品\防水\两个颜色一起M3632,,,,,,,,,,,,
,结尾,告别频繁换刀头，长期使用省心更省钱。,剃完展示\上脸再展示ycc1849,,,,,,,,,,,,
,,,,,,,,,,,,,,,
8月5日,开头,传统剃须刀凹凸缝隙多，时间久了容易藏污纳垢。,没剃的胡子\竞品卡胡子ycc1590,张可熠,,,,,,,,,,,
,外观机身,上谷S5Max极简平整一体化机身，高温烤漆机身，持握舒适。,机身展示\红布抽开展示产品ycc2027  +  12.20  S5\产品\机身充电口转子刀网\机身展示\银色\有其他动作 翻转2,,,,,,,,,,,,
,刀头,刀头搭配自磨工艺，长期使用顺滑不卡顿。,12.20  S5\产品\机身充电口转子刀网\刀网展示\银色M3750  +  手腕2,,,,,,,,,,,,
,充电,Type-C快充，内置智能屏显，剩余电量一目了然。,充电口展示通电电量显示ycc1931,,,,,,,,,,,,
,七级防水,整机可直接水洗，轻松冲洗不留死角。,防水效果\直接冲水ycc2008,,,,,,,,,,,,
,结尾,日常打理更省心，进直播间了解更多细节。,剃完展示\上脸再展示ycc1834  +  礼盒及赠品展示\纯展示ycc2037,,,,,,,,,,,,
,,,,,,,,,,,,,,,
8月5日,开头,挑选个护工具，核心要看硬指标，不买噱头、不为颜值溢价买单。,机身展示\转台旋转展示机身ycc2063,张可熠,,,,,,,,,,,
,动力,上谷S5Max搭载39000次/分合金转子，开机动力平稳充沛。,12.20  S5\产品\机身充电口转子刀网\转子展示\银色M3749  +  产品拿出拔盖正反展示ycc1928,,,,,,,,,,,,
,剃须效果,浮动五刀头自适应脸部起伏，下巴、脖颈边角都能清理到位。,剃一道\全脸ycc1781  +  剃一道\特写ycc1782,,,,,,,,,,,,
,刀头+充电,镀钛自磨刀头温和贴合皮肤，不易刺激泛红，Type-C接口，续航能用大半个月。,12.20  S5\产品\机身充电口转子刀网\刀网展示\银色M3610 + 手腕  +  充电口展示通电电量显示ycc1931,,,,,,,,,,,,
,结尾,直播间已上架，进来看看真实动力。,礼盒及赠品展示\纯展示ycc2065,,,,,,,,,,,,
,,,,,,,,,,,,,,,
8月5日,开头,男生面部干净清爽，不管上班还是约会，整体气质都会加分。,剃完展示\剃完摸脸，不展示ycc1858,张可熠,,,,,,,,,,,
,刀头+剃须效果,上谷S5Max浮动五刀头，顺应面部轮廓，深层清理浅层胡根，剃完后光滑不扎手。,刀网\按动刀网ycc2014  +  刀网\刀网贴手腕ycc2019  +  左右脸对比ycc1604,,,,,,,,,,,,
,七级防水,全机防水，耐用省心。,防水效果\丢进玻璃缸ycc2070,,,,,,,,,,,,
,外观机身,镀钛自磨刀头长期使用依旧顺滑，高温烤漆机身，摆放在洗漱台也显质感。,12.20  S5\产品\机身充电口转子刀网\刀网展示\银色 手摸刀网  +  机身展示\机身扫光ycc1970 + 机身展示\银色\有其他动作 拿出画,,,,,,,,,,,,
,结尾,别急着下单，现在直播间还送旅行收纳盒。,12.20  S5\产品\礼盒\黑色 抛入+摇摆  +  礼盒及赠品展示\纯展示ycc2065,,,,,,,,,,,,
,,,,,,,,,,,,,,,
8月5日,开头,不用高额预算也能入手配置扎实的剃须刀，上谷S5Max更低的价格，同样亮眼的表现。,礼盒\礼盒上推ycc1902  +  礼盒\礼盒开盖ycc1927,张可熠,,,,,,,,,,,
,动力,39000次/分升级合金转子、4+1浮动五刀头、,转子展示ycc1975  +  刀网\按动刀网ycc2015,,,,,,,,,,,,
,剃须效果,镀钛自磨刀头，长期使用依旧保持顺滑。,12.20  S5\产品\机身充电口转子刀网\刀网展示\黑色M3562  +  剃一道\全脸ycc1704,,,,,,,,,,,,
,七级防水,平整机身支持全身水洗，冲洗清洁简单快捷。,防水效果\直接冲水ycc2009,,,,,,,,,,,,
,结尾,预算有限又追求品质的男士可以重点关注。,剃完展示\上脸再展示ycc1801,,,,,,,,,,,,
,,,,,,,,,,,,,,,
8月5日,开头,怕麻烦、有轻微洁癖的男士，这款剃须刀很贴合你的使用习惯。,没剃的胡子\照镜子全脸摸ycc1585  +  12.20  S5\产品\机身充电口转子刀网\机身展示\黑色\有其他动作 指logo,张可熠,,,,,,,,,,,
,外观机身,上谷S5Max舍弃复杂多层结构，简洁机身设计。,12.20  S5\产品\机身充电口转子刀网\机身展示\转台展示 黑色  +  机身展示\机身扫光ycc1970,,,,,,,,,,,,
,七级防水,全机可水洗，水龙头下冲洗几秒就能去除胡屑。,防水效果\直接冲水ycc2008,,,,,,,,,,,,
,刀头,刀头,刀网\刀网展示ycc1957  +  剃一道\全脸ycc1715,,,,,,,,,,,,
,结尾,直播间现场拆刀头给你看内部结构，一目了然。,礼盒及赠品展示\纯展示ycc2037,,,,,,,,,,,,
,,,,,,,,,,,,,,,
8月5日,开头,天生胡须粗硬、生长速度快，普通剃须刀很难一次性清理，反复刮擦容易刺激皮肤。,没剃的胡子\照镜子全脸摸ycc1593  +  没剃的胡子\竞品卡胡子ycc1591,张可熠,,,,,,,,,,,
,动力,上谷S5Max针对国人硬胡茬设计，升级合金转子，39000转稳定动力，,机身展示\红布抽开展示产品ycc2026  +  转子展示ycc1975,,,,,,,,,,,,
,刀头,浮动五刀头大面积贴合肌肤。,12.20  S5\产品\机身充电口转子刀网\刀网展示\黑色 手腕,,,,,,,,,,,,
,剃须效果,镀钛自磨刀头切断粗硬胡茬更轻松，减少反复摩擦泛红。,剃一道\特写ycc1698  +  剃完展示\上脸再展示ycc1801,,,,,,,,,,,,
,结尾,硬胡须专属款，直播间看真实效果。,礼盒及赠品展示\纯展示ycc2064,,,,,,,,,,,,
,,,,,,,,,,,,,,,
8月5日,开头,上谷S5Max，综合配置均衡的人气机型，日常居家、出差通勤都适配。,机身展示\红布抽开展示产品ycc2027  +  机身展示\车上机身入画ycc1998,张可熠,,,,,,,,,,,
,剃须效果,浮动五刀头自适应脸型，镀钛自磨刀头持久顺滑，,剃一道\特写ycc1668  +  左右脸对比ycc1604,,,,,,,,,,,,
,动力,39000转合金转子动力稳定输出。,转子展示ycc1975,,,,,,,,,,,,
,七级防水,平整机身水洗便捷，自带旅行锁，单次充满能用大半个月。,12.20  S5\产品\防水\黑色 水波  +  机身展示\保护盒打开关闭展示机身ycc2042,,,,,,,,,,,,
,结尾,直播间有专属福利，进来了解更多详情。,剃完展示\有推拉ycc1819,,,,,,,,,,,,
,,,,,,,,,,,,,,,
8月6日,开头,很多人觉得剃须刀使用几个月刀片就会变钝，需要频繁更换，上谷S5Max打破这种使用局限。,没剃的胡子\竞品卡胡子ycc1595  +  机身展示\转台旋转展示机身ycc2063,张可熠,,,,,,,,,,,
,刀头+剃须效果,整机搭载镀钛自磨刀头，刀片刀网一体式嵌入，每次剃须都会自然打磨刀刃，长久保持顺滑剃净。,12.20  S5\产品\机身充电口转子刀网\刀网展示\黑色M3518  +  剃一道\全脸ycc1630,,,,,,,,,,,,
,动力,39000次/分高转速转子适配各类硬胡须，烤漆机身水洗方便。,12.20  S5\产品\机身充电口转子刀网\转子展示\黑色M3611  +  12.20  S5\产品\防水\黑色推入2,,,,,,,,,,,,
,结尾,直播间刚好有现货，有需要的兄弟可以来看看。,礼盒及赠品展示\从人到礼盒产品赠品展示ycc1941,,,,,,,,,,,,
,,,,,,,,,,,,,,,
8月6日,开头,不少老式剃须刀刀片钝化、贴合度差，剃须时容易拉扯胡须。,没剃的胡子\竞品卡胡子ycc1599,张可熠,,,,,,,,,,,
,刀头,上谷S5Max采用4+1浮动五刀头，轻柔贴合肌肤，,机身展示\手持机身ycc1552  +  刀网\刀网贴手腕ycc2018,,,,,,,,,,,,
,剃须效果,往复式设计，横着竖着都能剃，,没剃的胡子\假装在剃ycc1551  +  剃一道\特写ycc1790,,,,,,,,,,,,
,动力,39000次/分高频转速快速切断胡茬，大幅降低拉扯不适感。,剃完展示\剃完摸脸，不展示ycc1852,,,,,,,,,,,,
,七级防水,整机水洗，打理更简单。,防水效果\直接冲水ycc2009,,,,,,,,,,,,
,结尾,现在进直播间，享更多专属福利。,剃完展示\有推拉ycc1814,,,,,,,,,,,,
,,,,,,,,,,,,,,,
8月6日,开头,明明每天坚持刮胡子，下颌、喉结位置依旧泛青，根源是刀头难以贴合凹凸轮廓，清理不到胡须根部。,没剃的胡子\全脸摸ycc1547 + 特写摸ycc1545  +  没剃的胡子\竞品卡胡子ycc1595,张可熠,,,,,,,,,,,
,刀头+剃须效果,上谷S5Max4+1浮动五刀头，顺应面部起伏变化，边角盲区也能紧密覆盖。,12.20  S5\产品\机身充电口转子刀网\刀网展示\黑色M3518  +  剃一道\特写ycc1631,,,,,,,,,,,,
,剃须效果+外观机身,镀钛自磨刀头切削锋利，轻松刮净，高温烤漆机身质感出众。,剃半脸ycc1602  +  12.20  S5\产品\机身充电口转子刀网\机身展示\黑色\有其他动作 转2,,,,,,,,,,,,
,结尾,直播间正在讲解中，有什么疑问当场就能问。,礼盒及赠品展示\纯展示ycc2036,,,,,,,,,,,,
,,,,,,,,,,,,,,,
8月6日,开头,之前长途出差踩过不少坑，剃须刀在行李箱误触持续运转，机身发热还会磨损贴身衣物。,没剃的胡子，照镜子全脸摸ycc1586  +  没剃的胡子，竞品卡胡子ycc1589,张可熠,,,,,,,,,,,
,外观机身,上谷S5Max自带长按锁定旅行锁，收纳进背包、行李箱不用担心误开机。,产品拿出拔盖正反展示ycc1925  +  机身展示\保护盒打开关闭展示机身ycc2043,,,,,,,,,,,,
,刀头+充电,浮动五刀头剃须干净利落，通用Type-C快充，一次满电续航大半个月，短途出差不用额外携带充电线。,\刀网\按动刀网ycc2014  +  充电口展示通电电量显示ycc1931,,,,,,,,,,,,
,结尾,经常外出的男士，进直播间看看。,剃完展示\有推拉ycc1818,,,,,,,,,,,,
,,,,,,,,,,,,,,,
8月6日,开头,早上闹钟响后总想多赖一会床，但剃须的流程总会占用不少时间，,没剃的胡子\照镜子全脸摸ycc1584  +  没剃的胡子\竞品卡胡子ycc1589,张可熠,,,,,,,,,,,
,外观机身,上谷S5Max帮你提升晨间打理效率。,礼盒\礼盒开盖ycc1924  +  产品拿出拔盖正反展示ycc1925,,,,,,,,,,,,
,刀头+动力,4+1浮动五刀头接触面积更大，39000次/分合金转子轻松搞定胡须修整，减少反复来回打磨。,12.20  S5\产品\机身充电口转子刀网\刀网展示\银色 按压  +  转子展示\银色M3609  +  剃一道\全脸ycc1715,,,,,,,,,,,,
,七级防水,平整机身全身水洗，冲洗几秒就能清洁完毕，让你多留出休息时间。,防水效果\丢进玻璃缸ycc2080  +  防水效果\直接冲水ycc2008,,,,,,,,,,,,
,结尾,今天直播间专属福利价，趁划算赶紧去看看。,12.20  S5\产品\机身充电口转子刀网\机身展示\两个颜色一起展示 碰头2  +  礼盒及赠品展示\纯展示ycc2064,,,,,,,,,,,,
,,,,,,,,,,,,,,,
8月6日,开头,面部莫名泛红、发痒，不妨检查剃须刀缝隙，角落里容易藏污纳垢。,没剃的胡子\照镜子全脸摸ycc1586  +  没剃的胡子\竞品卡胡子ycc1599,张可熠,,,,,,,,,,,
,外观机身,上谷S5Max采用简约平整机身设计，无复杂多层缝隙结构。,机身展示\手持机身ycc1552  +  机身展示\机身扫光ycc1970,,,,,,,,,,,,
,七级防水,全机支持水洗，水流一冲轻松冲净。,防水效果\直接冲水ycc2009,,,,,,,,,,,,
,刀头,镀钛自磨刀头切削平整温和，减少肌肤摩擦刺激。,12.20  S5\产品\机身充电口转子刀网\刀网展示\黑色 手摸刀网,,,,,,,,,,,,
,结尾,直播间正在展示更多细节，注重日常卫生的朋友可以放心选择。,机身展示\手持机身ycc1555  +  礼盒及赠品展示\纯展示ycc2036,,,,,,,,,,,,
,,,,,,,,,,,,,,,
8月6日,开头,没有体验过顺滑流畅的剃须过程，强烈推荐试试上谷S5Max。,剃半脸ycc1602  +  剃完展示\有推拉ycc1838 （倒放）,张可熠,,,,,,,,,,,
,动力+剃须效果,开机后39000次/分合金转子平稳高频运转，划过脸颊快速切断粗硬浓密胡茬，不易卡顿拉扯。,转子展示ycc1975  +  剃一道\全脸ycc1743,,,,,,,,,,,,
,刀头,镀钛自磨刀头持久保持锋利，,12.20  S5\产品\机身充电口转子刀网\刀网展示\黑色 刷子刷刀网,,,,,,,,,,,,
,充电,Type-C满电单次续航大半个月，短途旅行、出差携带无负担。,充电口展示通电电量显示ycc1931  +  机身展示\保护盒打开关闭展示机身ycc2039,,,,,,,,,,,,
,结尾,刚好需要换剃须刀的兄弟，可以进直播间了解一下。,剃完展示\上脸再展示ycc1833,,,,,,,,,,,,
,,,,,,,,,,,,,,,
8月6日,开头,市面上很多剃须刀通体塑料材质，拿在手里轻飘飘。,没剃的胡子\竞品卡胡子ycc1591,张可熠,,,,,,,,,,,
,外观机身,上谷S5Max机身高温烤漆成型，表层细腻哑光质感，日常使用不易残留指纹，摆放台面也很精致。,机身展示\机身扫光ycc1970  +  机身展示\手持机身ycc1555  +  12.20  S5…机身展示\银色\有其他动作 摩挲 + 拿出画（倒放）,,,,,,,,,,,,
,功能,硬件配置全面，浮动五刀头贴合脸型，自磨刀头耐用性高，电子屏实时看电量。,12.20  S5…机身展示\银色\有其他动作 翻转  +  刀网\刀网贴手腕ycc2017+  12.20  S5…刀网展示\银色M3610  +  充电口…ycc1932,,,,,,,,,,,,
,结尾,想换个有质感剃须刀的，直播间有详细介绍。,机身展示\车上机身入画ycc1995  +  礼盒及赠品展示\纯展示ycc2037,,,,,,,,,,,,
,,,,,,,,,,,,,,,
8月6日,开头,剃须到一半机器没电停机，卡在脸上进退两难，是很多男士都经历过的尴尬场面。,没剃的胡子\竞品卡胡子ycc1597,张可熠,,,,,,,,,,,
,充电,上谷S5Max搭载高清电子屏，剩余电量一目了然，提前规划充电时机。,12.20  S5\产品\机身充电口转子刀网\机身展示\两个颜色一起展示 斜角3  +  充电口展示通电电量显示ycc1931,,,,,,,,,,,,
,动力+剃须效果,浮动五刀头，搭配39000次/分钟高转速转子，轻松搞定剃须难题。,刀网\按动刀网ycc2015  +  转子展示ycc1975  +  剃一道\特写ycc1671,,,,,,,,,,,,
,结尾,想告别这种尴尬场面的兄弟，可以去直播间看一看。,礼盒及赠品展示\从人到礼盒产品赠品展示ycc1956,,,,,,,,,,,,
,,,,,,,,,,,,,,,
8月6日,开头,络腮胡、粗硬硬质胡须人群，有些剃须刀转速不足，很难一次剃净，还容易引起皮肤不适。,没剃的胡子\照镜子全脸摸ycc1585  +  没剃的胡子\特写摸ycc1545  +  没剃的胡子\竞品卡胡子ycc1590,张可熠,,,,,,,,,,,
,外观机身,上谷S5Max针对粗硬胡须新升级，,机身展示\转台旋转展示机身ycc2062,,,,,,,,,,,,
,动力,合金转子稳定输出39000次/分动力，,转子展示ycc1975,,,,,,,,,,,,
,刀头+剃须效果,4+1浮动刀头大面积贴合肌肤，镀钛自磨刀头切断硬胡茬更利落。,刀网\刀网贴手腕ycc2018  +  剃半脸ycc1602,,,,,,,,,,,,
,结尾,现在直播间有活动，经常为刮不干净胡子发愁的兄弟可以看一看。,礼盒及赠品展示\从人到礼盒产品赠品展示ycc1939,,,,,,,,,,,,
,,,,,,,,,,,,,,,
8月6日,开头,对产品做工、细节质感有高要求的男士，这款上谷S5Max值得看一看。,礼盒\礼盒上推ycc1901  +  礼盒\礼盒开盖ycc1924,张可熠,,,,,,,,,,,
,外观机身,整机高温烤漆细腻均匀，摆放在洗漱台上也能当摆件。,机身展示\手持机身ycc1553  +  12.20  S5\产品\机身充电口转子刀网\机身展示\黑色\有其他动作 拿出画,,,,,,,,,,,,
,功能,4+1浮动镀钛刀头贴合肌肤顺滑舒适，电子屏实时显示电量，旅行锁方便外出收纳，日常使用更省心。,剃半脸ycc1602  +  12.20  S5\产品\机身充…\机身展示\黑色\有其他动作 按开关  +  机身展示\保护盒…ycc2040,,,,,,,,,,,,
,结尾,现在进直播间还有专属好礼在等你。,礼盒及赠品展示\纯展示ycc2065,,,,,,,,,,,,
,,,,,,,,,,,,,,,
8月6日,开头,洗漱洗澡同步修整胡须，轻松省下早上的时间，,剃一道\全脸ycc1622,张可熠,,,,,,,,,,,
,七级防水,上谷S5Max支持全身水洗，干湿两种使用场景都适配，平整机身不易藏污纳垢，清水一冲轻松带走胡屑。,防水效果\丢进玻璃缸ycc2070  +  防水效果\直接冲水ycc2009,,,,,,,,,,,,
,动力,39000次/分稳定动力，顺畅剃须不伤肤，,12.20  S5\产品\机身充电口转子刀网\转子展示\银色M3609  +  剃一道\特写ycc1631,,,,,,,,,,,,
,充电,Type-C充电续航大半个月，提升晨间洗漱幸福感。,充电口展示通电电量显示ycc1931,,,,,,,,,,,,
,结尾,进直播间了解更多细节。,礼盒及赠品展示\纯展示ycc2065,,,,,,,,,,,,
,,,,,,,,,,,,,,,
8月7日,开头,剃须刀老卡须、扯皮又费时？大多是刀头损耗或动力跟不上造成的。,没剃的胡子\竞品卡胡子ycc1597,张可熠,,,,,,,,,,,
,动力,上谷S5Max升级了合金转子，39000次/分钟的高频转速，,剃完展示\有推拉ycc1838  +  12.20  S5\产品\机身充电口转子刀网\刀网展示\黑色 刀网+转子  +  转子展示ycc1975,,,,,,,,,,,,
,剃须效果,胡茬一碰到刀网就被利落切断，大幅减少拉扯感。,剃一道\特写ycc1611  +  剃一道\全脸ycc1609,,,,,,,,,,,,
,刀头,刀头采用镀钛工艺，边用边自研磨，持久保持顺畅。,12.20  S5\产品\机身充电口转子刀网\刀网展示\黑色 手摸刀网  +  刀网\刀网贴手腕ycc2017,,,,,,,,,,,,
,外观机身,机身自带智能数显屏，剩余电量一目了然。,产品拿出拔盖正反展示ycc1930,,,,,,,,,,,,
,结尾,现在进直播间，专属福利价只等你来。,礼盒及赠品展示\纯展示ycc2064,,,,,,,,,,,,
,,,,,,,,,,,,,,,
8月7日,开头,商务洽谈、线下会面，下颌残留的胡根容易拉低专业印象。随身备一台上谷S5Max，随时整理仪容。,没剃的胡子\照镜子全脸摸ycc1585  +  没剃的胡子\特写摸ycc1545  +  剃完展示\上脸再展示ycc1832,张可熠,,,,,,,,,,,
,刀头,4+1浮动五刀头灵活贴合边角，剃完肌肤清爽顺滑。,刀网\按动刀网ycc2014  +  剃一道\特写ycc1760,,,,,,,,,,,,
,外观机身,高温烤漆机身，质感出众，拿出来尽显质感。,机身展示\机身扫光ycc1970  +  机身展示\车上机身入画ycc1995,,,,,,,,,,,,
,充电,自带旅行锁，搭配大容量电池，一台轻松应对差旅需求。,12.20  S5\产品\机身充电口转子刀网\机身展示\黑色\有其他动作 抛接  +  机身展示\保护盒打开关闭展示机身ycc2040,,,,,,,,,,,,
,结尾,现在还送旅行收纳包，直播间下单有专属福利。,礼盒及赠品展示\从人到礼盒产品赠品展示ycc1943,,,,,,,,,,,,
,,,,,,,,,,,,,,,
8月7日,开头,想要剃须效率高、打理省心、不用老惦记充电？上谷S5Max轻松搞定。,,张可熠,,,,,,,,,,,
,动力,39000次/分钟合金转子，利落清扫各类胡茬，不留残余。,,,,,,,,,,,,,
,七级防水,平整机身支持全身水洗，用完对着水流冲几秒就干净。,,,,,,,,,,,,,
,充电,Type-C快充，满电续航能用大半个月，,,,,,,,,,,,,,
,刀头,搭配长效自磨刀头，配件不用频繁更换，省事又省心。,,,,,,,,,,,,,
,结尾,今天直播间刚好有专属活动，省心又好用。,,,,,,,,,,,,,
,,,,,,,,,,,,,,,
8月7日,开头,还在用笨重老旧的老式剃须刀？剃不净、难清理，不如直接换一台上谷S5Max，硬件配置全面升级。,,张可熠,,,,,,,,,,,
,刀头,4+1浮动五刀头、长效镀钛自磨刀头、,,,,,,,,,,,,,
,动力,39000次稳定高转速，核心配置都安排上了。,,,,,,,,,,,,,
,七级防水+充电,整机支持水洗，清洁很方便，高清电子屏随时显示剩余电量，用着心里有数。,,,,,,,,,,,,,
,结尾,有换新计划的兄弟，现在直播间福利等你来领。,,,,,,,,,,,,,
,,,,,,,,,,,,,,,
8月7日,开头,刷到这条视频的朋友，可以看看这款人气剃须刀。上谷S5Max综合配置均衡，适合大多数男士的需求。,,张可熠,,,,,,,,,,,
,剃须效果,4+1浮动五刀头，自适应脸部轮廓，减少清理盲区；,,,,,,,,,,,,,
,动力,39000次/分钟合金转子，浓密硬胡茬也能轻松应对；,,,,,,,,,,,,,
,七级防水,平整机身，水洗打理很方便。 ,,,,,,,,,,,,,
,结尾,直播间人气款现在有专属活动，快来看看。,,,,,,,,,,,,,
,,,,,,,,,,,,,,,
8月7日,开头,见客户前发现胡子没刮？别慌！上谷S5Max随时待命。,,张可熠,,,,,,,,,,,
,充电,旅行锁防误触，Type-C快充随时补电，高清屏电量一目了然。,,,,,,,,,,,,,
,刀头,39000次/分钟合金转子配合浮动五刀头，快速刮净下巴，剃须更舒适。,,,,,,,,,,,,,
,七级防水,刀片刀网一体嵌入更耐用，全机防水轻松冲净，烤漆机身不易留指纹。,,,,,,,,,,,,,
,结尾,应急好帮手，感兴趣的朋友可以进直播间看看。,,,,,,,,,,,,,
,,,,,,,,,,,,,,,
8月7日,开头,几百元竟然能有这种配置？上谷S5Max，,,张可熠,,,,,,,,,,,
,动力,39000次/分钟升级合金转子，动力强劲。,,,,,,,,,,,,,
,刀头,镀钛自磨刀头，持久保持顺畅，刀片刀网一体嵌入，耐用度拉满。,,,,,,,,,,,,,
,七级防水,平整机身全机水洗，冲一冲就干净；,,,,,,,,,,,,,
,充电,Type-C快充配大容量电池，出差不用多带充电器。,,,,,,,,,,,,,
,外观机身,高温烤漆工艺防指纹，自带旅行锁防误触。,,,,,,,,,,,,,
,结尾,配置全面且实用，今天直播间有专属福利，感兴趣的朋友可以来看看。,,,,,,,,,,,,,
,,,,,,,,,,,,,,,
8月7日,开头,不想被另一半嫌弃胡子拉碴，试试一台上谷S5Max。,,张可熠,,,,,,,,,,,
,剃须效果,浮动五刀头深层贴合面部轮廓，从根部切断硬胡茬，刮完洁净舒适。,,,,,,,,,,,,,
,刀头,镀钛自磨刀头久用依旧顺畅，不拉扯皮肤。,,,,,,,,,,,,,
,外观机身,高温烤漆细腻不留指纹，质感出众。,,,,,,,,,,,,,
,充电,Type-C快充续航大半个月，电子屏显示电量，全机防水好冲洗。,,,,,,,,,,,,,
,结尾,今天直播间有超值活动，感兴趣的朋友可以来了解一下。,,,,,,,,,,,,,
,,,,,,,,,,,,,,,
8月7日,开头,剃须最怕刮到一半没电！上谷S5Max高清电子屏实时显示电量，心里有底。,,张可熠,,,,,,,,,,,
,充电,Type-C快充，加上大容量电池，满足长期出差需求。,,,,,,,,,,,,,
,动力,39000次/分钟合金转子快速利落，硬胡茬轻松拿下。,,,,,,,,,,,,,
,刀头,4+1浮动五刀头贴合面部，刀片刀网一体嵌入更耐用，全机防水一冲就干净。,,,,,,,,,,,,,
,结尾,告别电量焦虑，感兴趣的朋友，现在直播间下单还有福利。,,,,,,,,,,,,,
,,,,,,,,,,,,,,,
8月7日,开头,边洗澡边剃须有多爽？,,张可熠,,,,,,,,,,,
,七级防水,上谷S5Max平板面设计，全机防水，淋浴时顺手刮，水龙头下一冲就干净。,,,,,,,,,,,,,
,剃须效果,镀钛自磨刀头持久保持顺畅，减少拉扯感，温和不刺激。,,,,,,,,,,,,,
,动力,39000次/分钟合金转子动力足，4+1浮动五刀头紧密贴合脸部。,,,,,,,,,,,,,
,充电,Type-C快充续航大半个月，高温烤漆不留指纹。,,,,,,,,,,,,,
,结尾,淋浴剃须两不误，现在直播间还有专属好礼在等你。,,,,,,,,,,,,,
