category,text
hook,还在忍受剃须时的拉扯感吗？
hook,每天剃胡子最怕来回刮很多遍。
hook,出门前剃须别再手忙脚乱。
hook,想把剃须这件事变得更省心吗？
hook,剃须刀好不好用先看上脸效果。
hook,一把适合每天用的剃须刀应该什么样？
hook,胡茬长得快的人更要选对剃须刀。
hook,早上时间紧剃须更不能拖。
shave,上脸剃须过程顺畅利落。
shave,胡茬处理后脸部看起来更清爽。
shave,日常剃须不用反复来回处理。
shave,贴着面部移动也能完成剃须。
shave,剃完后可以直接检查面部效果。
blade,浮动五刀头贴合不同面部轮廓。
blade,刀网跟随面部起伏调整接触角度。
blade,多刀头结构覆盖更大的剃须区域。
blade,按压刀头时可以看到浮动行程。
blade,刀头和刀网承担贴面剃须工作。
power,合金转子为剃须提供持续动力。
power,启动后转子带动刀头完成工作。
power,动力系统应对日常不同长度胡茬。
power,剃须过程中保持稳定动力输出。
power,转子结构位于刀头下方持续运转。
water,使用后刀头可以直接冲水清洁。
water,水洗能减少刀头内部残留胡茬。
water,清洁时把刀头放到水流下冲洗。
water,日常打理不需要逐处擦拭刀网。
water,剃完顺手水洗就能完成清洁。
charge,Type-C接口方便与常用充电线配合。
charge,机身可以显示当前电量信息。
charge,出差携带时少准备一类充电线。
charge,充电口位于机身底部便于连接。
charge,查看屏显即可了解剩余电量。
appearance,金属质感机身提供两种颜色选择。
appearance,机身线条简洁适合日常摆放。
appearance,礼盒组合适合作为送礼选择。
appearance,握持区域与刀头形成一体外观。
appearance,保护盒可以收纳机身方便携带。
scene,通勤前可以快速完成日常剃须。
scene,出差时可以和洗漱用品一起收纳。
scene,车内临时整理仪表时也能使用。
scene,节日送礼可以选择礼盒组合。
scene,居家和旅行都能安排日常剃须。
cta,现在进入直播间了解具体活动。
cta,点击商品页查看当前到手方案。
cta,想了解更多可以进入直播间看看。
cta,需要换剃须刀的可以查看商品详情。
cta,进入商品链接选择适合自己的颜色。
cta,现在就去看看上谷S5Max。
cta,打开商品页了解礼盒和赠品配置。
cta,到直播间查看今天的活动信息。
